,Name,Abaddon,Alchemist,Ancient Apparition,Anti-Mage,Arc Warden,Axe,Bane,Batrider,Beastmaster,Bloodseeker,Bounty Hunter,Brewmaster,Bristleback,Broodmother,Centaur Warrunner,Chaos Knight,Chen,Clinkz,Clockwerk,Crystal Maiden,Dark Seer,Dazzle,Death Prophet,Disruptor,Doom,Dragon Knight,Drow Ranger,Earth Spirit,Earthshaker,Elder Titan,Ember Spirit,Enchantress,Enigma,Faceless Void,Gyrocopter,Huskar,Invoker,Io,Jakiro,Juggernaut,Keeper of the Light,Kunkka,Legion Commander,Leshrac,Lich,Lifestealer,Lina,Lion,Lone Druid,Luna,Lycan,Magnus,Medusa,Meepo,Mirana,Morphling,Naga Siren,Nature's Prophet,Necrophos,Night Stalker,Nyx Assassin,Ogre Magi,Omniknight,Oracle,Outworld Devourer,Phantom Lancer,Phoenix,Puck,Pudge,Pugna,Queen of Pain,Razor,Riki,Rubick,Sand King,Shadow Demon,Shadow Fiend,Shadow Shaman,Silencer,Skywrath Mage,Slardar,Slark,Sniper,Spectre,Spirit Breaker,Storm Spirit,Sven,Techies,Templar Assassin,Terrorblade,Tidehunter,Timbersaw,Tinker,Tiny,Treant Protector,Troll Warlord,Tusk,Undying,Ursa,Vengeful Spirit,Venomancer,Viper,Visage,Warlock,Weaver,Windranger,Winter Wyvern,Witch Doctor,Wraith King,Zeus
0,Abaddon,0,1.6103,2.3792,4.026,0.8307,0.5142,0.4002,-1.7629,2.3083,0.4341,-1.1002,2.1482,1.4893,3.2702,-0.0782,-0.0372,2.6931,0.5964,-0.7789,0.1873,2.234,1.0358,0.2332,-0.2112,0.7036,-0.5268,0.7728,0.4951,0.8331,-0.3501,1.9477,1.2899,-1.2415,1.8877,-0.4589,-0.151,3.2528,3.7486,1.4996,0.0971,1.3849,1.3124,0.7855,4.0118,0.7,-0.065,1.7611,1.7462,3.3412,-0.9018,2.5906,-0.5716,0.3959,3.1875,0.0653,-0.6572,-0.5345,4.9695,0.4673,-0.9677,-0.2922,-1.1211,0.3467,0.3475,2.8827,1.7306,-0.5155,1.036,-0.4866,1.1836,-0.54,1.1887,0.5139,1.509,0.7319,2.3339,0.181,-1.4394,-2.6741,-1.7597,-0.2892,2.6348,1.3479,-0.4622,-0.5561,-1.3773,1.081,0.611,0.2533,-0.2995,-1.2511,1.1477,1.551,1.636,-0.124,0.8464,0.4314,2.6507,0.5955,0.1715,-0.4682,0.0375,0.8141,-0.1234,0.5066,2.5653,0.5574,0.1161,-0.5338,-0.856
1,Alchemist,-1.1417,0,2.1622,-0.7832,-0.7649,-0.6416,0.0747,0.6375,-0.7627,0.5706,1.4482,-0.1556,-0.1197,-1.2991,-1.315,0.3329,-1.0247,1.227,-0.7462,0.8956,-1.039,0.7075,1.3173,-0.3727,-0.5698,1.0183,0.6068,-1.6681,-1.9316,-2.8858,-0.0949,0.4159,-1.6768,-0.9744,0.7601,2.6098,-0.6233,-0.6194,-0.9051,0.0912,-0.063,-1.3268,1.4566,0.9298,0.8564,1.8009,0.8018,0.0487,0.4703,0.6555,0.3397,-1.6124,-2.4634,1.3823,-1.6111,1.7513,-1.8374,-0.4053,-1.0938,1.0483,0.4602,0.0918,0.3049,-0.7763,0.1681,-1.3552,-1.5005,-1.085,-0.4149,-0.8643,0.5078,-0.1171,-1.542,-0.4527,-0.628,0.5259,0.3128,0.2522,-1.9975,0.8185,0.4735,1.0076,0.3975,-2.7416,0.5736,-0.1399,-1.0399,1.2935,-0.7772,1.0534,-4.3964,0.6295,-1.3735,0.2644,-0.4115,2.3399,1.0378,-1.059,0.8143,0.1661,-1.0289,3.0448,-0.039,-0.6897,-1.523,-0.2821,-1.1204,0.0105,-1.2767,-2.0244
2,Ancient Apparition,-2.2809,-1.6884,0,3.7077,2.2379,-1.9238,1.0081,2.1928,5.1995,-0.1067,1.2438,1.8152,-2.8185,1.5543,0.4947,0.5722,0.877,2.5388,0.5642,-1.3248,-0.6066,-3.8581,-0.6227,-1.8183,0.5679,-2.0077,0.9375,2.926,-0.647,0.4466,1.7055,0.5156,0.4825,0.2095,-0.8796,-3.1124,0.9335,0.0548,-1.6244,0.967,0.2636,-0.5186,-0.6535,0.5387,-0.5012,-0.8087,0.4919,0.5026,3.324,0.9934,4.5268,0.1638,0.7784,-0.3975,0.1063,-0.725,2.9078,3.6206,-3.106,0.9577,1.5929,-0.5167,-2.9516,2.0993,0.4171,1.5945,-0.007,0.2994,-0.4233,0.6058,0.9677,0.2113,-0.0411,1.2311,-0.4707,1.4112,-0.2426,-0.5145,0.9555,1.2931,-0.6716,0.0908,0.0289,1.2178,0.4856,1.9694,-0.869,-0.2353,1.7986,1.8282,-2.7629,-1.1265,1.0478,0.9076,-0.8676,0.1039,0.77,-1.1925,0.1726,0.4296,-0.3491,-0.3095,2.0684,-0.6694,1.2043,0.98,-1.9174,-0.9119,-0.3941,-0.02
3,Anti-Mage,-3.3808,0.8804,-3.7649,0,-1.3444,0.9168,1.6422,0.8427,1.4429,3.0529,-1.3427,-2.1207,-0.7836,1.1231,-0.545,0.447,0.1592,2.9851,-4.6182,1.1651,-2.6594,0.6846,-0.523,0.0386,0.0587,1.3793,2.8432,-1.6066,-0.1963,-1.8061,0.0713,0.4232,-0.3428,-1.819,-0.6606,2.192,0.1289,1.3498,-1.3391,-1.4022,-0.0843,1.0019,3.2385,-2.0993,-2.4072,-1.4819,-0.017,1.3053,0.8057,0.2787,0.9982,0.4049,-4.0944,5.381,-2.5163,-3.0902,-0.9301,-1.7104,-2.1851,1.7117,-1.1445,0.0265,0.0364,-1.5289,2.9089,-1.0976,-2.8328,-1.3178,-2.1635,-3.7392,0.239,-0.7439,0.4661,0.2239,-0.54,1.3359,-0.3961,1.6555,-1.1186,-0.7032,3.4104,-3.4095,-1.6196,-3.6791,1.3959,-4.1259,1.3448,-1.2274,2.2393,2.2017,-1.3813,-0.364,-2.9376,1.6577,-0.1591,3.3534,-0.2344,-3.6627,0.7323,0.6356,-2.6654,-0.2019,-0.7284,0.2345,-0.1766,0.7492,-2.4439,0.8738,-5.73,-5.2297
4,Arc Warden,-1.3241,-0.4179,-2.6336,0.2257,0,-2.3188,-0.2374,0.3829,6.4121,-0.8267,-1.4774,4.6272,0.9596,8.6354,0.3652,3.7128,5.6539,0.1632,-2.1934,-3.0675,0.2452,-0.7107,-0.4654,-3.8477,0.3229,0.2599,-0.2248,0.2728,-1.6353,-2.2342,0.6961,2.1352,1.0754,-1.0518,2.594,1.1934,-2.9412,-0.6874,0.8514,-1.9864,-0.58,-2.017,-0.8208,3.8139,-2.8885,-0.6635,-0.3896,-3.6687,10.1893,1.665,8.8069,-2.2416,-1.6668,5.3422,-4.9465,-2.3408,4.4236,4.6753,-3.462,1.4116,-0.8433,-1.1599,-3.0527,0.3126,0.8061,4.5356,-3.7361,0.2912,-4.5253,3.1024,-0.3224,3.2044,-2.9361,-1.3518,-0.3078,1.3477,-1.2147,-1.2318,-3.8843,-1.7083,-2.1694,-1.0133,-1.4839,-1.0942,-0.4895,-1.3797,-3.4685,-1.4249,0.6809,-1.7734,-0.6865,-3.8808,-4.0415,1.6824,1.136,0.3112,2.4421,-0.8094,-0.8922,0.3528,0.9414,-0.4358,-0.0349,-1.4797,-0.2444,-1.2879,0.0063,-1.5633,-2.2994,-2.3641
5,Axe,0.2463,0.41,1.809,-1.3453,-0.1226,0,-1.3258,0.6034,-4.1888,-0.8719,0.2045,-1.9208,-0.0985,-4.4248,-0.4487,-3.3888,-2.8627,-1.7086,2.2225,-0.2533,0.4076,-2.463,2.3701,1.8853,1.9452,-0.3626,-0.8442,0.2978,0.0315,1.683,0.4778,-0.8566,1.1045,-0.6645,0.4318,-1.4581,1.9864,-2.055,1.6916,0.3712,0.6631,1.4122,0.1281,-0.3228,0.9476,1.0163,0.7805,0.4187,-2.7992,-1.0167,-4.935,0.4451,1.2794,-3.9042,-0.4555,0.5602,-2.587,-0.6159,2.3635,-1.5157,-0.4936,0.175,-1.9846,-0.2758,1.8729,-4.2612,3.2334,0.3487,1.159,1.2896,0.6425,-0.0822,-0.8929,-0.4915,-0.3819,1.1311,0.1558,-0.5118,1.7715,0.8908,-0.1668,0.0707,0.0266,2.0735,-0.1346,0.4714,-0.4842,-0.4014,-1.6876,-2.8824,-0.6103,4.0725,1.4765,1.1195,0.0083,-4.3988,-1.017,1.0456,-0.2152,-0.7438,3.3455,-0.2269,-3.8087,1.6011,-2.1507,-0.8297,-1.4758,1.8128,1.3352,2.1081
6,Bane,-0.6186,-0.5869,-1.2089,-1.7685,0.1747,-0.3821,0,-0.7535,2.2494,-0.4474,-0.6953,0.9053,-0.0157,1.0429,0.2919,3.9535,-0.8706,-0.6952,0.1606,-1.2517,-0.8003,-0.4872,0.8462,-1.1253,0.6596,-0.5816,0.5093,-1.74,0.6636,-0.2311,0.6184,-0.3028,1.5253,-1.27,0.8856,0.836,-0.5788,-4.1745,-0.3235,-1.6152,-3.2426,0.5041,-1.3118,1.5319,-1.3134,-1.5529,0.6353,-1.2253,1.3699,0.3336,2.1351,-0.5205,0.0709,0.4107,-1.1897,0.115,1.5459,0.8052,-0.6281,-0.1088,-0.2165,0.2574,-1.9619,-1.3969,-0.6428,2.6492,-0.5699,0.0376,-1.8061,0.4649,0.1512,1.1129,-2.6606,0.0625,0.5326,0.0706,-1.0098,0.2075,0.3025,-0.8492,-0.024,-1.1675,0.0584,-0.1637,-0.0917,-0.6574,-1.7391,-2.6467,0.3424,0.3622,-3.4444,-2.7044,-1.4555,0.0406,0.2161,-0.9033,0.9485,1.2421,-0.949,-0.5263,0.7908,0.0703,-3.6799,0.8872,-0.0841,-0.203,-0.6139,0.4117,-0.9134,-0.6006
7,Batrider,1.3843,-1.2815,-2.4067,-1.1969,-0.4087,-2.2754,0.739,0,6.0012,-0.3904,-0.2963,0.4834,-0.3342,1.4816,0.0041,1.3707,3.3473,1.0095,-0.4677,-2.2205,-2.1536,-1.0619,1.6788,-2.0307,-0.149,-0.6462,1.2354,-0.0076,-0.8948,-0.7272,0.9701,2.2291,0.9525,-0.2999,0.8981,2.5341,-1.9943,-0.1377,0.4855,-0.5117,-1.3415,-0.3994,-2.194,4.0542,-1.1713,0.4797,-0.69,-1.2254,5.3832,0.8953,4.1574,-0.125,0.4809,2.2507,-2.7501,0.4562,2.9158,2.4587,-1.6448,-0.5399,-0.7143,-0.6777,-0.8754,3.8448,0.5198,-0.1084,-0.7072,-0.1152,-3.5478,1.9159,0.3997,1.4044,-2.006,-1.0998,-1.2828,-0.4765,-0.3719,0.064,0.4457,-0.7884,-1.6207,-0.4953,0.7071,-0.9181,-1.7967,0.582,-3.0315,-2.0328,-4.0706,-1.1371,-0.53,-3.7089,-2.7683,-0.6113,-0.4727,-1.0195,-0.3459,-0.8862,-1.6021,0.0296,2.7514,1.513,1.5415,0.2978,2.4351,0.0576,-1.6584,0.1477,-1.2304,-1.2788
8,Beastmaster,-2.417,0.5253,-5.0242,-1.1169,-6.6622,2.605,-2.2429,-6.1,0,0.463,0.6069,-2.0752,1.7154,-2.1412,1.4515,0.5001,-11.7707,0.1354,-0.2434,-1.3378,-1.6498,-3.3728,-1.087,0.0882,1.471,-0.345,0.3732,-0.7609,1.3118,-1.4914,2.4697,-2.3878,0.0465,0.8638,2.1381,0.7608,0.4493,-9.2655,2.8982,0.1062,-4.1508,3.2762,-0.2254,0.2107,0.5382,-0.8635,1.4675,-0.4221,-2.8354,0.3937,0.8433,1.5394,0.7241,-7.0238,-0.6211,-1.4369,-0.2724,0.4461,-0.0153,-1.4581,-0.4094,-1.2871,-0.1277,-4.0969,-0.8034,2.4527,-1.0027,-0.6813,-1.6998,0.1353,1.1727,-0.1745,-1.5294,1.0478,0.6311,-2.8189,0.5964,0.3694,-0.6045,-1.6478,-0.381,0.0762,2.3033,1.4896,-0.3782,0.1343,0.6541,-9.3499,-0.8358,1.7774,-0.5566,2.8221,1.0751,0.9482,-1.3592,-1.15,2.2435,0.8329,-0.7291,-0.0283,-0.2049,1.2722,-10.326,0.7856,-0.0338,0.5247,0.4992,0.7164,-3.9116,0.0712
9,Bloodseeker,0.0824,-0.5602,0.1209,-2.7206,-0.1276,0.4644,-0.0294,-0.1943,-0.6415,0,-0.4577,1.5371,0.6065,0.5873,-0.865,1.5869,-0.7289,-1.2547,0.4736,-0.1073,-1.4156,0.3867,-0.7417,-0.0711,0.2501,0.7259,-1.5277,-0.6041,-0.2436,0.2841,0.9701,1.1648,-0.4192,-0.7548,0.1897,1.3646,-0.2994,0.2054,-0.3551,0.3263,0.8853,-0.9411,1.5709,-0.0378,-0.4772,1.5335,0.0161,0.6948,-0.2452,-0.6283,-1.5721,-0.9087,1.3596,1.3736,-1.053,1.0384,-0.1124,1.1949,0.451,-1.01,-0.701,1.4945,-1.9651,-0.2783,0.0307,0.5065,-1.4039,0.0865,0.0685,-0.4953,-0.0137,-0.8424,-2.1032,-0.151,-1.3312,-0.2199,1.1036,0.5975,-1.0824,0.0977,0.7321,-1.4934,-0.1417,0.4737,-0.0182,1.669,-0.3035,2.716,-0.2961,-0.2501,0.0291,-1.5341,1.3543,1.2779,-0.0833,0.6389,1.0206,-1.5442,-0.4778,0.2489,0.0671,0.5427,0.2533,0.3804,-1.9424,0.6039,1.6534,0.1537,2.2175,0.3112
10,Bounty Hunter,2.1944,-1.4401,-1.082,1.3143,0.7702,-0.6941,0.4844,-0.1165,-0.5123,0.5448,0,0.8107,-0.0116,-2.044,0.3907,2.5949,0.1328,-2.5361,0.5054,0.4286,0.1359,-0.3532,-1.8153,-0.8517,-1.6071,0.1469,-1.7178,-0.4536,0.9816,-1.7417,0.533,0.7858,0.3357,0.6165,0.1739,3.3218,-1.3663,1.3207,0.1045,-0.8635,-0.4664,-0.6507,0.6816,-1.0197,-0.3748,0.1369,0.681,0.283,-0.7986,0.1916,0.4388,0.8498,-0.9844,2.7535,-3.3297,-0.4666,2.2879,-0.2448,-0.7141,-0.3237,-0.7579,0.9624,0.0379,1.123,1.1591,3.3489,-0.6245,1.1722,-0.6107,-0.6257,1.1509,1.6597,-5.5307,1.0837,-0.2179,-0.6638,-1.8917,1.067,-1.4146,-0.2759,1.1562,-0.3914,-0.4371,-1.4866,0.8674,0.0904,-0.0987,2.0911,-1.8892,-0.0475,-0.3194,-2.0341,0.4074,0.8006,0.2886,-0.0493,1.565,-1.2593,0.1184,-0.4311,0.3835,0.6013,0.6961,-0.4386,-1.4747,-0.1542,-0.7828,-0.2181,-0.7095,0.1325
11,Brewmaster,-2.3928,-0.2331,-1.9021,1.758,-4.6498,0.3303,-0.8639,-0.4656,2.0249,-1.7307,-0.7655,0,0.654,1.3776,0.188,-0.6923,-3.2967,0.2201,2.493,0.0802,0.6755,-0.2005,0.4583,0.1333,-1.2364,-0.6326,-1.7704,0.0487,0.0405,-0.1034,-1.7334,-1.2777,-0.0202,-0.6634,-0.082,-1.5887,0.2965,-1.6627,-0.3744,-0.5045,-0.0298,-0.4518,-0.0123,1.4243,-0.9102,-0.099,0.8483,0.7152,-1.4906,-0.0835,0.4329,0.1139,-0.158,-2.5611,-0.0377,-0.5261,0.6388,1.8447,-0.0253,0.2907,-0.212,-0.7131,-0.2126,-0.6347,-0.1456,0.7019,0.5824,-0.1381,-1.3024,-0.8926,0.3804,0.1666,-1.383,-0.8138,1.4038,-1.7383,-0.3704,-0.642,-0.1332,-1.3847,-0.0283,0.4717,-0.2491,-0.035,-2.3868,0.0519,-1.3941,-2.1912,-1.8768,-1.8997,-2.2075,1.6433,-0.3588,0.3305,-0.1125,-1.5634,-0.2759,0.3245,-2.2165,-0.8036,-1.6383,-1.4754,-5.0021,-0.2606,2.5067,0.7959,0.7097,-0.8462,-2.3047,-1.0045
12,Bristleback,-1.1251,0.0734,2.9421,0.8353,-1.7301,-0.5084,-0.2856,-0.0466,-1.8639,-0.6216,0.087,-0.9179,0,-3.2251,-2.2982,-1.759,-0.8116,-1.1426,-0.0426,-0.7346,-0.0499,2.4971,-0.092,1.0904,0.5679,1.0207,0.1107,-0.2374,-0.764,1.1638,0.6679,-1.1662,-1.0737,1.6749,-0.0537,-1.4994,0.5947,-0.3657,-0.7204,-0.0011,4.1541,-0.1062,1.8368,0.59,0.575,-1.3094,-0.1011,0.3249,-1.3235,-2.7596,-3.4787,-0.3689,0.0733,-1.1337,0.1372,0.3791,-0.9964,0.8614,3.8977,-1.8505,0.4228,0.4453,0.1176,-1.5572,0.5097,-1.4308,1.411,-0.2045,-1.8495,-0.8552,0.056,0.2466,-3.9508,-1.3731,-1.8967,1.3038,0.6371,-2.1004,3.2333,-1.2922,2.5437,1.3701,-0.4176,-2.0439,-1.5046,0.6514,-0.3885,0.8405,-1.6949,-0.018,-0.5966,1.7435,-0.4616,-1.8992,0.1135,-1.665,-0.4495,1.338,-2.7244,-0.6989,0.8071,-0.2445,-2.6654,-1.4659,-1.5503,0.0844,0.0291,0.4487,-0.6972,-0.0952
13,Broodmother,-3.7288,-0.1088,-2.0133,-2.1278,-8.6751,0.7308,-1.1011,-1.4911,2.0167,-1.8479,0.5814,-1.3539,2.0867,0,-0.588,-0.6488,-4.7445,-2.4286,-0.4459,-0.3238,1.5439,-0.7227,-0.4784,-1.459,-0.3638,-0.5632,-3.9202,-2.5754,1.4898,-1.6542,1.7793,-1.3859,1.2366,-2.7729,-0.1261,-2.746,-2.3235,-6.5784,1.3774,-2.7659,-0.9617,-1.0704,-0.2233,4.6341,-3.746,-1.6983,0.3464,-0.3126,3.8926,-3.5607,0.3534,-0.6094,-3.8219,0.6679,-1.7942,-1.9424,4.1032,1.8575,0.4418,-1.6028,-1.9912,-0.9694,-2.6216,-2.0205,-1.795,-0.4246,-2.689,-1.0801,-4.3924,-1.7092,0.7729,0.0381,-5.3956,-0.7586,1.7476,-1.7828,0.7069,-0.8727,-2.8266,-2.501,2.0489,-0.6353,-2.661,-1.726,-2.2566,0.1679,-0.9102,-4.7488,-2.624,-1.5322,-2.4236,1.3762,-1.2797,2.0315,-1.4315,-0.3622,0.4896,-1.0976,-3.2849,-0.097,-1.0587,-0.5698,-8.8183,-1.838,-2.5232,0.0346,-0.8337,-2.3738,-4.0198,-2.374
14,Centaur Warrunner,0.0713,1.6686,-0.3513,1.3765,-0.7657,0.8481,-0.4385,-0.2533,-1.576,1.2126,0.4303,-0.4457,2.5688,0.1507,0,-1.3021,3.6439,0.7418,-0.2186,0.3656,0.0621,2.7805,1.5247,1.7156,1.7081,0.9915,-0.4023,-0.8723,0.3855,1.1389,1.7376,0.2511,2.3915,-1.0181,-1.2164,-0.246,1.624,1.3213,0.5701,2.8951,0.3311,0.6869,0.9831,1.8843,-0.7308,2.8579,0.2545,0.0677,-0.7661,-1.2413,0.5397,-0.0936,-0.7036,0.1285,0.1377,-0.198,-0.7413,1.0482,3.0832,0.0017,-0.862,-0.1475,1.8042,-0.834,0.9465,-0.7657,1.2184,0.0832,0.761,-0.4243,0.3499,0.0728,-0.1336,0.8367,-0.8601,1.2136,1.409,-0.286,0.6171,-0.8845,1.6828,1.2691,-0.734,-0.4986,0.275,-1.3111,1.2363,-0.3599,-0.1695,-0.4952,1.6595,2.8485,-0.2245,0.414,1.3481,-1.6783,-0.5465,2.774,-0.265,0.5281,0.32,1.3307,-0.3125,1.2771,0.0205,-0.2468,0.1631,2.0635,1.7513,0.202
15,Chaos Knight,0.0923,-0.2954,-0.5625,-0.1041,-4.2192,2.3802,-4.1808,-1.6258,-0.5525,-1.4611,-2.1345,0.5728,1.7308,0.1842,1.3918,0,-1.4072,-2.1227,-2.002,0.5503,2.1856,-0.3304,-0.9634,1.1057,-1.4198,1.5342,-2.0249,-1.7372,3.1665,3.219,3.563,-0.6704,2.3731,-1.9548,1.2408,-3.832,1.9417,0.5813,1.8904,-1.1462,0.0743,1.9908,-0.5018,1.4069,1.8414,-1.8442,-0.158,0.7147,-0.4975,-1.0388,-2.7973,2.92,4.2916,1.6088,0.4932,-0.725,2.4438,0.1373,-0.8774,-1.738,-1.8369,-2.078,1.9072,-1.5145,0.0917,2.3316,3.6801,0.2909,-2.5611,-1.7986,0.688,-1.7808,-0.7382,-0.3308,4.8471,-3.4348,1.0838,0.2466,0.052,-3.1028,-0.6176,-0.7984,-0.6697,1.2572,-1.8876,-1.1187,2.5953,-0.3171,-3.1503,-1.148,2.26,3.9448,-0.5644,0.5646,-1.8607,-0.8102,-1.5854,1.9164,-2.904,-1.5088,0.0091,-3.3429,-4.4734,2.1235,0.5127,0.3267,2.1191,0.8976,-2.1616,-0.9166
16,Chen,-3.2427,-0.1756,-1.4465,-0.9661,-5.5561,-0.0918,0.7453,-3.3253,11.1422,-0.2697,-0.9007,3.1623,0.1074,4.6957,-4.0069,0.9039,0,1.8602,-3.8276,-0.4481,-1.8691,-3.7008,2.0814,-1.4806,-0.4977,0.7023,2.0743,-1.4035,-0.6678,-3.6358,1.1966,-0.8906,2.5073,-1.6879,-0.0275,1.6708,-3.1214,-7.5351,1.4007,-2.8199,-3.8676,0.5373,-1.5546,10.0083,-4.6561,1.1807,0.8738,-1.9733,11.2622,2.9132,6.8288,-0.1023,-1.0919,-4.1588,-2.5302,-4.1919,1.7905,7.2235,-2.9923,-1.1507,-0.5626,-2.475,-3.056,-3.9217,1.993,2.0591,-2.059,1.1615,-5.338,3.0976,0.1505,0.3629,-4.915,-3.3737,0.0502,-5.7954,-0.776,1.0426,-1.9969,-1.0045,-0.523,-1.2693,-1.4219,-4.0488,-2.8083,-2.7477,-1.1804,-8.738,-1.5671,2.3765,-7.6683,-3.2485,-2.3016,2.3266,0.7914,0.6987,1.2321,-2.339,0.7081,2.851,2.4604,-1.4431,-6.1876,-0.3758,0.1293,2.0837,-0.462,-0.5161,-1.5864,-2.4895
17,Clinkz,0.0125,-1.3731,-2.4654,-2.9247,-0.6604,0.5274,0.7032,-1.2278,0.0936,1.1047,2.2357,-0.1126,1.1352,1.9752,-0.1673,2.4558,-2.5561,0,0.7601,0.0576,-0.6905,-0.2113,-0.8953,-1.5238,-0.2363,1.0945,0.3979,-1.3003,-1.0556,-2.8012,-2.5519,0.6351,-2.5563,-1.2025,0.5549,0.4919,-1.4314,-3.8738,-1.0649,-3.4087,-0.7944,-0.7644,0.7569,-1.6081,-0.455,-1.5677,0.1388,-0.179,-0.8667,0.2652,0.9557,-1.7935,-0.2436,-1.9383,-1.326,-0.3541,1.5559,-0.3799,-1.471,2.4682,-0.963,1.3725,-2.148,-2.4487,-0.9598,3.0354,-3.2483,-0.1103,-1.8095,-0.8857,-0.3898,1.029,-1.3833,-1.2256,0.9147,-1.0823,0.0782,-0.4913,-1.7069,-0.6833,1.5893,-0.4037,-0.8984,-0.3605,1.6916,-1.4005,-1.1982,-1.5788,0.1066,1.3917,-4.0262,-2.7309,-0.749,0.5352,0.4864,1.0759,1.3323,-1.7647,0.0836,0.7222,-0.6925,0.9373,-2.1807,-0.9007,-0.853,-0.0255,-0.21,-0.8764,0.8626,-0.4474
18,Clockwerk,0.749,0.7224,-0.5412,4.4673,1.9853,-2.2424,-0.2436,0.3209,0.2137,-0.4094,-0.1101,-2.6676,0.1292,0.164,0.2184,1.9817,3.6322,-0.4143,0,-2.0367,0.1624,1.2899,1.4369,-0.6554,-0.0015,0.0551,-0.5878,-1.0232,-2.276,-1.0396,1.423,0.0351,-1.5704,1.0094,-1.1619,3.2506,0.3731,1.1328,-0.8967,1.9236,-0.6234,0.0798,-0.242,-0.9346,-1.0296,1.6797,-0.258,-0.5626,1.4838,-1.1303,0.0636,-0.4344,-1.7813,1.936,-0.0397,1.0112,0.2503,0.435,1.2532,-0.719,0.0712,-0.2382,0.4125,1.2365,0.3303,2.179,1.618,0.5846,-0.9932,-0.0987,0.8629,-1.1174,0.6865,-0.0336,0.8369,2.4237,-0.0717,0.957,-0.8984,0.4171,-1.2907,-0.4422,-1.0767,1.4691,-1.1529,1.9593,-1.7398,1.2224,1.5893,1.8081,-0.3466,1.0232,-1.2352,-0.0549,1.2011,0.5648,-0.0812,1.1034,0.7543,-0.6764,-0.9247,1.4812,-0.0153,1.837,0.07,-0.4847,-1.4793,0.3708,0.2917,-0.2192
19,Crystal Maiden,-0.1604,-0.8789,0.987,-0.8649,1.3577,0.5471,-0.0228,1.0039,0.6433,0.02,-0.3439,-1.311,0.4973,-1.7693,-0.4683,-1.0812,-1.7378,-0.4911,1.6874,0,-0.2487,-0.6471,0.3759,1.5555,-0.1892,-1.6844,-0.0384,1.2364,1.5082,0.9089,1.5379,-1.1885,1.5884,1.9679,-0.0981,0.3686,2.4942,-1.1694,0.7933,2.247,-0.4788,0.8124,0.4609,-0.2242,-0.4998,1.6447,1.3971,1.726,-2.6452,-0.7197,-1.9464,0.624,0.5437,0.6348,1.3322,0.6086,-1.6519,0.5373,-0.628,-1.1789,1.0344,-0.3331,-0.5159,0.2768,-0.7032,-1.9902,2.6954,1.2509,2.5467,0.828,0.1105,-0.8964,0.4587,2.3833,-0.1024,0.1335,0.0953,0.6028,1.6529,0.7032,0.2164,0.8534,1.6274,0.5549,0.2497,1.1685,-0.2339,0.2689,-1.5636,-1.1975,-1.346,0.5046,1.2746,0.1567,-1.2001,-2.9659,0.3746,0.9435,-1.3039,-0.347,-0.6031,-1.124,-0.0022,0.1496,-0.1189,1.7124,-0.2745,1.4183,-0.5189,2.0934
20,Dark Seer,-2.2931,0.9082,0.5549,2.6334,-0.408,-0.9177,0.7846,2.1045,1.6533,1.2746,0.1679,-0.7386,0.1002,-1.73,-0.1144,-2.1482,1.6773,0.9298,-0.1687,-0.4288,0,-1.8621,-0.4134,1.0586,1.1328,-1.3153,1.189,2.2259,0.1409,0.244,1.8161,1.3736,2.2016,-0.157,0.3974,2.2134,1.9394,-0.6978,1.4795,0.0077,1.9173,0.4016,0.0868,2.716,-0.5452,-0.7255,1.908,-0.7652,3.1049,-0.6805,0.9761,-0.1106,0.3374,-0.1806,-1.1871,-0.4793,-0.4213,2.6908,-0.8033,-1.8744,0.1321,-1.4121,-2.8415,3.7331,0.5523,-1.4132,-0.5977,-0.4711,-0.5007,2.6659,1.0706,0.3428,-1.4868,0.4772,-0.2277,0.8868,-0.0195,-0.8935,-1.1139,1.1265,-1.3868,-1.0818,2.1098,-1.4918,-1.1694,-0.5493,0.6368,2.5118,-3.6214,-2.6855,-1.2002,1.4769,1.1818,0.5814,-0.9434,0.2581,0.992,-1.249,-1.015,-1.428,-1.0711,0.0288,3.5328,0.6858,0.5772,0.7871,-2.0114,1.1672,-2.9123,0.3058
21,Dazzle,-0.9997,-0.5165,3.8147,-0.1552,0.258,1.7308,0.2827,0.8139,3.3797,-0.2569,0.7025,-0.0056,-2.2565,0.2678,-2.773,0.3278,3.3528,0.4766,-1.3282,0.2124,1.8583,0,0.1066,0.6353,0.8311,-0.2555,0.8442,2.1773,0.4127,0.0418,0.2107,0.5696,2.2537,1.6719,1.2143,-0.8023,1.6563,0.5378,-0.1349,-1.1252,1.7539,0.999,-1.7247,1.8012,0.74,-2.1561,0.7424,0.8076,2.2066,1.4454,0.8258,2.2263,1.2038,1.2906,-0.4213,1.4366,1.2147,1.9929,-1.5151,-0.6965,0.3277,-0.991,-1.6661,-1.1709,0.2586,1.2182,0.3236,1.0035,-0.6284,2.4465,0.4986,0.1607,-0.6563,0.1325,1.0018,0.9785,0.3371,-0.6119,0.7265,0.1087,-0.7283,-0.4994,-0.3747,-1.8603,-0.9406,-0.7399,1.1294,-0.7497,0.339,1.8241,0.426,1.188,1.9382,0.0191,-0.515,-0.2443,-1.1037,0.9495,-0.1324,0.773,0.9813,-0.7785,1.0508,1.3611,0.0455,1.2027,-0.4671,0.9282,-2.0831,-0.5315
22,Death Prophet,-0.1856,-1.3579,0.5744,0.5683,0.2109,-2.7608,-0.957,-1.8808,1.1218,0.5546,1.756,-0.5356,0.0542,0.1341,-1.4684,0.9558,-2.5412,0.9909,-1.4298,-0.9712,0.4513,-0.1234,0,-0.7244,-1.2553,-0.9379,1.8677,-1.1113,-0.1084,0.249,0.4119,0.4825,-1.6174,-0.7199,1.0611,1.1434,0.5848,-2.361,-0.4846,-1.4096,0.7186,-0.3161,0.5264,-0.7734,-0.651,-1.3252,1.6897,-0.9183,-0.6993,1.2296,1.3768,0.0896,1.4453,0.4799,0.2909,-0.7276,0.1195,1.6998,-2.1131,-0.3455,-0.9352,-0.3168,-1.8007,-1.0426,-1.3596,2.0486,-1.4045,-0.6929,-2.1155,0.4808,0.3134,1.1756,-0.4899,0.1692,-0.4798,-1.6388,1.7745,-0.0083,0.2077,-0.1453,0.0692,-0.7911,2.4739,-0.1789,0.0805,-0.8457,-0.5287,0.914,-0.743,0.5666,-1.8875,-3.3808,0.2265,-0.9801,-2.4956,0.7031,0.5797,1.4854,-1.371,0.9538,0.3006,0.943,-2.1828,-0.5043,1.8947,0.6612,-1.1638,0.1478,-1.0929,-1.0324
23,Disruptor,0.2774,0.4324,1.805,0.413,3.5422,-1.8446,0.9485,1.8216,-0.1858,0.1266,1.1246,-0.3225,-0.9592,1.072,-1.6783,-1.1129,1.0435,1.6882,0.6555,-1.8288,-1.1403,-0.6379,0.709,0,1.0169,-0.2958,0.8759,2.6695,-0.4125,0.6942,-0.3497,0.1805,-0.5118,0.7765,-0.032,1.6632,1.6713,0.9917,-0.2954,-0.0598,0.0296,0.1017,0.2094,-0.802,-0.3984,0.8603,0.4044,0.3594,1.5518,0.3969,0.2779,0.3049,-0.0879,-0.2302,-0.3169,-0.8499,-0.1385,1.4607,-1.4688,-0.4949,0.2798,-0.5614,-1.0093,2.838,-0.697,-0.2802,0.368,-0.3044,-0.019,0.6666,-0.0345,1.0126,-0.954,1.1152,-1.4617,1.3023,0.1584,-0.7943,0.5039,1.3342,-1.1359,-1.3333,1.6866,0.2659,0.1562,0.0606,0.1878,-0.3438,0.3399,1.4036,0.3866,0.6126,2.0052,0.1803,-0.4879,0.4763,-0.5981,0.1381,0.0666,-0.1882,-0.3218,0.9902,3.5401,0.6311,-0.8815,0.4455,1.261,-0.5061,0.4776,0.0017
24,Doom,-0.7859,-0.1094,-0.7623,-0.5193,-0.4078,-3.3173,-0.6548,0.1529,-1.4219,-0.6953,1.0755,1.352,-0.8513,0.2566,-1.7205,1.3097,0.4263,0.1237,-0.012,-0.8889,-1.0906,-0.956,1.1829,-1.1453,0,-0.6236,0.1717,-0.063,-0.3596,-2.3809,0.2769,0.3293,-0.0615,-1.2321,-1.0998,1.2361,0.06,-1.0223,-0.2415,-1.7424,-0.5272,-1.0153,-0.6255,0.3198,-0.6994,0.5189,0.0514,-1.2254,0.5552,0.371,1.787,-0.7962,0.7954,2.6373,-2.2347,-0.6554,0.1221,-0.3064,-1.329,0.0551,-0.6081,-0.5786,-3.0447,-0.1605,-0.5266,-0.4724,-1.3992,-1.9586,-2.2994,-0.0285,0.1026,-0.6649,-2.914,0.0671,-0.7677,0.5263,0.3385,-0.8723,-1.0374,0.4714,0.5176,-1.9686,-0.2395,-1.5041,-0.9561,-0.5073,-1.7004,-1.5186,-1.7034,0.7464,-0.9615,-2.7808,-1.6897,-0.1499,-0.6536,0.9337,0.093,0.1608,-0.6021,-0.5386,-0.6811,1.1951,-0.1786,0.5497,0.5439,-0.8316,0.0664,0.744,-0.7732,-1.1144
25,Dragon Knight,0.6525,-0.939,1.9898,-0.989,-0.6931,-0.1663,0.4221,0.4012,0.3055,-0.685,0.0927,0.4927,-0.9285,0.0105,-0.8914,-1.5478,-1.2702,-0.8772,-0.0458,1.1525,1.3483,0.268,0.9284,0.3016,0.4818,0,-0.3171,-0.8506,-0.6443,0.7174,-0.8189,1.3922,2.054,-1.2106,0.3554,1.1479,0.4632,-0.0658,0.7106,-1.2704,0.9072,0.6094,-1.3518,1.798,0.9311,0.2325,0.7081,-0.1358,-0.1285,0.6617,-1.1968,0.1365,1.9125,1.2665,-0.0383,0.8843,-2.2171,0.7325,1.2312,-1.8646,-1.8432,0.2156,-0.7206,0.6186,0.5383,-0.0092,0.5555,-0.8074,0.1615,0.1389,-0.4197,-0.1216,-1.6041,0.323,0.3015,0.0362,0.4668,-0.4846,0.6272,-0.5587,-1.1942,1.2905,0.9317,0.3586,-0.5643,-1.8237,-0.4174,-0.7237,-2.7869,-0.4911,2.399,1.3616,-0.3468,0.3483,1.2205,-0.3549,-1.2455,2.1572,-0.554,-0.4452,0.4555,1.0833,-0.2964,1.439,-0.9873,0.6634,0.283,1.0189,-0.3505,0.1242
26,Drow Ranger,-0.3221,-0.6043,-1.0428,-2.6428,-1.2111,0.6206,-1.2882,-2.271,-0.6785,1.533,1.7415,1.4042,-0.2162,2.5651,0.8663,2.1171,-3.9407,-0.673,0.5693,0.0407,-1.463,-0.8673,-2.3348,-0.9441,-0.8736,0.2364,0,-1.8735,0.2111,-2.0624,-2.4298,-0.2023,-2.6135,-1.7161,1.7573,0.78,0.9627,-3.5618,-1.1315,-1.5414,-0.0619,-0.2107,2.0501,-1.6259,0.1544,-0.6933,-0.1597,-0.1666,-1.6873,-0.0618,-0.49,-0.7054,-2.0166,-1.1512,0.8945,-1.7278,0.127,0.8504,-1.7456,0.8233,-1.2068,0.6356,-2.2154,-2.9577,-1.954,3.6338,-1.807,-0.0073,0.4124,-2.0022,-0.5322,-1.3159,-0.0523,-1.5266,0.5547,-1.4876,0.9483,-0.8544,-1.8408,-0.9018,0.7813,2.1145,1.2174,3.1535,1.2843,-1.7381,-0.8723,-1.6766,-0.8884,-0.7637,-1.3103,-1.2525,1.7293,0.4651,-0.5735,0.122,1.0646,-2.5315,-1.2489,-0.4358,-1.1931,-0.2131,-3.4739,-1.5287,-1.4251,1.8033,1.4836,-1.0009,0.7195,0.3073
27,Earth Spirit,-0.7972,0.5739,-3.2207,0.6234,-0.3057,-2.4763,1.7038,0.0141,0.7229,-0.1216,-0.2644,0.0127,-0.2545,2.5743,0.6199,1.4896,1.4299,0.9318,0.8307,-2.7701,-2.2856,-2.4536,0.9094,-2.966,0.0262,0.5289,0.7698,0,-2.0576,-0.9983,-0.0341,3.459,0.1432,-1.2497,1.3155,2.138,-2.8156,0.6479,2.4857,-1.6758,-0.4141,0.4528,-1.1599,3.6388,-1.3385,-0.9221,1.2974,-2.0267,5.2453,2.8245,4.3511,-0.5285,-0.2867,-1.6694,-3.7567,-1.9587,2.8303,2.0736,-2.2066,0.4671,-1.0633,-0.9868,-2.658,0.6421,0.5429,1.024,-2.2933,0.1112,-3.7091,0.5351,-0.7709,1.7481,-4.1027,-1.705,-1.2475,0.1254,-0.819,-0.3418,-1.2321,-0.8285,-1.6777,-3.4348,0.4263,-1.672,-0.5369,-3.5279,-1.5594,0.7462,0.6174,-1.0184,-1.4029,-2.5418,-0.5086,1.0325,-0.3,2.2191,2.1035,0.2894,-0.0476,-1.2246,1.6418,1.0191,1.185,0.8987,-0.2102,-1.0048,-0.176,-1.1586,-0.7118,-1.9328
28,Earthshaker,-0.3233,1.9202,0.7184,0.2721,0.7589,-0.3201,-1.2705,0.2691,-1.6246,0.2483,-0.9385,-0.4127,0.7547,-3.6793,0.1163,-3.6268,-0.3991,0.9384,2.5809,-1.5235,-0.1753,-0.2914,-0.0274,0.557,-0.2212,0.7027,-0.2154,1.2755,0,0.7293,0.2947,-0.0112,0.1645,-0.939,-0.0934,0.8482,0.7755,1.5645,-0.2111,0.5167,0.1951,0.1149,0.0399,-0.9527,0.2096,1.9659,-0.0501,0.3802,-0.8094,-0.3622,-2.2982,-0.1141,0.5067,-3.3967,-0.2188,-0.2406,-2.1664,0.0484,-0.0628,-0.9566,-0.9331,-0.9993,-0.4558,-0.6349,0.3145,-3.5092,1.8865,0.5848,-0.299,0.1563,-0.3455,-0.1987,-0.6884,1.4641,-0.7008,-1.3674,0.3226,-0.3312,0.6184,-0.1787,-0.453,-0.9101,1.6464,1.8862,-0.2209,-0.1252,-0.1484,1.1965,1.0551,-0.8662,1.9097,0.8493,0.9527,-0.1084,-0.1694,-0.679,-0.1199,0.1463,-1.0114,-0.8934,0.816,0.965,2.269,0.1535,-0.8349,0.6325,0.2933,-0.0484,0.2178,0.1564
29,Elder Titan,0.343,3.2809,-0.1882,2.6607,1.9635,-0.545,0.1608,0.5346,1.4316,0.2188,2.5815,-0.0729,-0.6011,1.414,-1.1197,-3.049,3.2911,3.3059,1.088,-0.7477,-0.264,0.063,-0.0953,-0.5206,2.4467,-0.4952,2.3502,0.8101,0.0643,0,3.1038,2.547,-0.7225,1.6955,0.0404,2.0283,2.71,2.9211,0.088,3.105,0.8149,1.5504,0.6841,0.2712,0.8663,2.7747,1.1645,0.6922,5.2332,1.2421,3.7167,-0.1535,-1.1469,-1.2298,0.768,0.0189,0.0853,2.6447,-0.2398,-0.1798,0.9148,-1.1344,-0.767,2.445,0.222,-1.8551,-0.469,1.1892,2.323,2.1954,1.2972,-0.0904,-0.0043,1.3513,-1.5242,0.774,0.762,-1.128,0.4352,1.9686,-0.305,-0.5398,2.6948,-1.8925,-0.4973,1.1965,1.0414,1.7646,1.7264,-2.1146,-0.4115,1.9831,1.6044,1.1022,-0.5576,0.4603,0.5957,-0.9694,-0.3132,0.2473,0.6094,0.0634,3.0396,-0.581,0.7399,1.6374,0.4945,-0.1882,0.5174,0.0027
30,Ember Spirit,-1.6493,-0.4296,-1.6963,-0.5013,-0.869,-2.0116,-0.558,-0.9669,-2.3069,-1.2924,-0.8256,2.0706,-0.827,-2.142,-1.4069,-3.4748,-1.3851,2.3973,-1.2261,-2.2958,-1.6034,-0.0762,-0.307,0.4782,-0.2522,0.8911,1.7338,-0.02,-0.7436,-2.6783,0,1.0882,-1.9523,1.2092,1.3506,2.9079,-1.7732,-0.4735,-0.9816,-0.6779,-0.8322,-1.6254,1.2096,-1.8412,-0.446,0.4951,-0.3956,-0.5137,-1.6723,-0.0251,-0.2956,0.231,-0.492,-5.7995,-2.2995,-0.4121,-2.8992,-1.2902,-2.7143,0.9514,0.2466,-0.7411,-1.3263,2.1261,2.0758,-4.6225,-0.2067,-2.0517,-4.0606,-0.9378,-0.4919,-0.725,-1.1982,-0.9307,-0.5239,-2.8305,-0.3921,1.279,0.9835,0.7347,-0.3381,-1.3545,0.1143,-2.0968,-1.3312,1.7812,-1.2903,1.6683,-0.774,-1.8961,-0.3784,-2.7272,-0.6037,-0.2457,0.1287,1.6691,-0.1664,-3.2385,0.1638,-0.3295,0.1366,0.5719,0.0681,-2.5289,-0.2745,-0.8887,-1.3008,-1.1116,-0.6032,-2.2415
31,Enchantress,-1.6321,-1.5452,-0.9699,-1.4604,-2.1405,-1.9887,0.2942,-2.2115,2.386,-2.1845,-1.6646,1.4052,0.3103,1.4001,-0.5045,0.3095,0.9958,-1.1015,-0.21,-0.8181,-1.4216,-0.921,-0.7117,-0.5259,-0.3903,-1.7661,-1.3314,-3.4615,-1.1019,-2.6524,-1.2165,0,-2.1931,-3.1435,0.6873,-1.6248,-2.6666,-0.801,-0.7004,-3.105,-0.0046,-0.5933,-1.4027,1.2935,-1.6002,-0.3533,-0.6283,-1.011,-0.9893,-0.3133,-3.2128,-0.354,-1.1579,-2.8821,-1.4579,-0.6074,0.0097,1.637,-2.1497,0.2847,-1.7623,0.9318,-4.1239,-2.0003,-1.5765,0.9414,-2.1886,0.3474,-3.2466,-0.4906,-0.589,-1.5135,-3.4808,-1.725,0.6116,-1.0914,-1.0219,-0.5032,-1.8158,-0.2983,-1.3069,-1.1549,-2.9074,-1.4078,-1.2068,-0.9689,-3.6857,-3.4099,-1.7372,-1.4685,-1.441,-2.6137,-0.6181,-1.1979,-0.551,-0.9102,-1.0521,-0.8011,-0.7115,-0.0677,-0.9984,-1.4328,-5.5525,-0.7627,-0.2892,0.6167,-1.1561,0.1013,-1.5911,-2.2473
32,Enigma,1.2637,1.8051,-0.4232,0.9566,-1.6479,-0.8361,-1.78,-1.2914,-0.1777,0.5905,0.1996,-0.2368,1.2224,-1.7868,-2.3944,-2.3661,-3.2933,2.7965,1.5578,-1.6879,-2.3299,-2.2395,1.6128,0.5166,-0.0574,-2.0026,2.5608,-0.503,0.1358,0.8026,2.1188,1.871,0,1.2263,-0.287,-1.133,1.8953,-2.8945,0.7349,1.877,-1.5176,1.3711,0.8988,-0.5361,1.2386,-2.6484,1.1413,0.3805,0.1084,0.4756,0.0658,-0.9228,3.191,-2.9237,0.3433,0.755,-1.0615,3.0812,-0.4585,0.4549,0.8258,-0.9954,-3.3037,-1.5322,-1.5249,-1.8502,0.1717,0.6664,0.3612,0.8218,0.1159,-0.4178,1.5798,3.4821,-1.1561,-1.5459,-0.1821,0.6835,2.9107,1.3346,-2.1586,0.6526,3.6518,3.6837,-1.9174,0.139,-1.0127,-2.3815,-1.1072,-0.1689,0.1985,0.8491,1.5865,0.0482,-0.9153,-0.9126,-0.5574,-0.7755,-0.5148,0.3806,-1.1968,-0.2533,-2.2886,2.5899,0.8839,1.3984,0.0494,1.2625,0.1448,0.9016
33,Faceless Void,-1.3357,0.9442,-0.0938,1.7871,0.2075,0.1373,1.0282,-0.2178,-0.9378,0.7764,-0.5899,0.5493,-1.706,1.9389,1.7655,2.2522,1.0353,1.1437,-0.8861,-2.0075,0.349,-1.5182,0.788,-0.5801,0.8694,1.4253,1.6822,0.5693,0.9294,-0.8635,-1.662,2.445,-0.9153,0,0.4958,1.337,-0.8316,0.2729,-0.2548,-1.6098,-0.4558,-0.3393,0.1122,0.1569,0.1107,-3.2516,0.1567,0.7366,-0.2046,1.3327,-0.3753,-0.5848,-1.7394,1.6706,-0.8986,0.3021,0.7394,-0.6413,-1.2451,1.4966,0.3419,-0.1535,-2.9207,-0.6069,1.6378,0.8568,-1.836,-0.7616,-0.1205,0.0263,-1.2862,0.271,0.0295,-0.8421,0.3551,-0.0648,0.2452,1.2509,-0.0033,1.6728,0.2468,-2.8238,0.6077,0.6005,0.4502,0.9387,-0.4035,0.9085,-0.835,-0.0752,2.0292,-2.239,0.9435,1.6197,-0.1974,1.1756,0.3046,-2.1409,-0.2061,-0.7925,0.2321,1.0502,1.2711,-0.4022,-4.2302,0.0809,1.1137,-1.5867,-0.1534,-0.7547
34,Gyrocopter,0.3427,-1.2798,0.6707,0.1693,-2.751,-1.9696,-0.8842,-0.917,-2.1096,-0.7201,-0.4994,0.162,-0.2839,-0.024,1.1691,-1.3402,-0.0645,-0.6242,1.1305,-1.048,-0.3629,-1.3327,-1.1103,-0.1087,1.0987,-0.5153,-2.3755,-1.363,-0.474,0.006,-1.2669,-0.764,0.1442,-0.8559,0,1.1982,-0.9643,0.3233,-0.6623,0.3318,0.8317,-0.8543,-1.182,0.3225,0.1408,1.5367,-0.6936,-0.7258,-1.2954,-0.3188,-1.1492,0.3579,-0.7263,-0.5107,-0.377,-0.3695,-0.7503,-0.4643,-1.2971,-0.7088,-0.776,-0.1891,-1.4832,-0.4052,-0.4757,-0.7158,0.7139,0.8875,-1.9089,-1.0083,0.1581,-2.2047,-1.4457,0.1105,-0.276,-0.6347,0.0153,-1.4858,-0.502,-1.5431,-1.4492,-0.0185,-1.2691,-0.1447,-1.3692,-0.3772,-1.4344,0.5817,-2.3976,-1.6394,-0.3304,-1.4783,0.1957,0.4735,-1.702,-1.5594,0.2656,-2.3293,-1.4541,-1.4495,-0.0492,-0.4984,-3.2366,-0.2909,-0.6916,0.3393,-1.1739,0.2667,-0.2412,0.3676
35,Huskar,0.774,-2.6843,3.3076,-2.1547,-1.7326,0.1737,-0.9697,-2.859,-0.6508,-1.4763,-3.2348,1.818,1.4744,2.2857,0.8474,4.3113,-2.2997,-0.4908,-3.1785,-0.7515,-2.1137,1.0664,-1.0773,-1.5461,-1.4141,-1.0249,-1.0581,-2.5144,-0.9649,-1.5607,-3.0548,1.1552,1.4855,-1.3734,-1.4204,0,-0.1451,-2.2212,-1.5818,-1.682,-2.7137,-0.6277,0.9998,-1.2134,-1.812,-0.0249,-0.199,0.395,-2.0983,-2.3423,-1.3085,-0.783,-0.9912,-0.57,-1.9295,-1.8303,-0.6058,0.2597,0.1387,-1.7447,-1.8308,-0.6621,0.6499,-0.0934,-0.6525,4.2034,-1.9809,-2.8212,-2.191,-3.7404,-1.3612,-1.0652,-0.3806,-0.1732,-0.7297,-0.3736,0.0857,0.984,-1.6293,-2.1374,1.5944,-0.4796,-1.1283,-1.5322,-1.4679,-3.248,-0.5197,-0.5686,-0.2102,-1.1539,-1.1376,-0.924,-1.2247,-1.0775,-0.2489,3.1807,-0.6322,0.1591,0.6893,0.775,-3.8913,-0.5062,-3.423,-1.163,0.9051,3.0266,-0.5284,1.2916,1.1526,-5.7219
36,Invoker,-1.3586,1.4777,-0.1856,-0.0628,1.6784,-1.6302,0.0788,1.5762,-0.0238,0.9647,1.654,-0.407,-0.2518,0.7685,0.3202,-1.5773,2.3057,1.3796,0.6584,-1.014,-1.5641,-0.5291,-0.2971,-0.7262,-1.1803,0.2691,-0.3141,1.6565,-0.2792,-0.1997,0.9414,1.0592,-0.448,1.2838,0.4025,-0.0328,0,2.6717,0.1539,-0.5733,1.2473,-0.396,-0.1984,-0.9681,-0.524,0.7667,-0.2831,-0.5846,0.9045,0.1218,1.1315,0.7351,-3.0808,-0.135,-0.9226,0.9519,1.6567,0.8515,-1.5527,0.2533,2.0059,-0.1861,-1.8254,0.7383,0.8127,0.5356,-0.456,2.0934,-1.405,2.6039,1.1357,0.2408,-0.5698,0.4465,0.2983,1.2882,0.1233,0.3367,-0.7205,0.7067,-0.5108,-0.9536,0.4962,-0.7678,0.4181,0.7469,-1.8398,1.2037,2.9219,-0.4492,1.4277,-0.5627,-0.3485,0.0305,-0.0018,-0.0249,1.3593,0.3016,-0.9375,-0.1461,0.344,-0.6257,2.193,-0.1938,0.9007,0.4849,1.6808,-0.1708,-4.6507,-0.8687
37,Io,-4.3712,-1.2896,-0.9821,-2.875,0.6684,-2.0221,3.9176,0.0497,8.7545,-1.6544,-2.6903,1.6004,-0.7449,6.4893,-1.8854,-1.1602,7.7443,2.4785,-1.5488,-1.7057,0.3725,-1.296,1.7539,-1.7805,0.7511,-0.6439,1.0865,-0.7271,-2.96,-3.3404,-0.0053,0.7151,1.9294,-1.7006,-0.5564,1.1311,-5.085,0,1.602,-5.9461,-5.1845,-2.0133,-3.8429,10.9159,-2.503,-1.524,0.4683,-2.7035,12.2806,1.7558,8.7466,-2.9694,-4.9767,1.0988,-4.4024,-3.814,1.1031,8.0503,-4.3619,-0.8867,-2.3979,-1.919,-4.4627,-0.5215,0.8699,-0.2623,-2.9365,2.4868,-7.3353,3.0743,-0.5447,1.6354,-6.0726,-1.8275,-0.9206,0.5739,-1.7317,-1.2935,-2.7213,-2.4569,-2.6287,-3.8755,-3.6871,-5.377,-3.616,-3.4448,-2.4255,-2.399,-0.1645,0.9199,-5.4711,-4.1188,-1.178,1.9237,1.0035,0.7634,-0.8164,-0.984,-1.4727,2.1287,0.9429,0.1962,5.2305,-2.201,-2.6107,1.1574,1.9451,-1.2264,-3.906,-2.901
38,Jakiro,-1.5046,1.1664,1.6981,1.9416,-1.2138,-1.1821,0.2438,-0.6599,-2.9703,0.6272,0.5871,0.2196,0.9844,-1.7509,-0.5755,-1.7959,-1.9528,1.5105,0.9059,-0.9341,-1.5123,0.171,0.5567,0.341,0.2646,-0.5953,1.2654,-2.7001,0.5583,-0.0786,1.3155,0.5375,-0.714,0.7597,0.6676,1.9615,1.5544,-2.2147,0,2.1782,0.2069,0.2833,0.3581,1.5673,0.4562,1.9356,0.8235,0.6996,-1.3271,0.0444,-0.3732,0.0322,-0.7458,-4.1041,1.5108,-0.0655,-0.9395,1.9241,-0.5957,-0.9257,-0.0591,0.2492,-0.7925,-1.1534,0.4269,-0.5506,-0.898,-0.0671,1.7069,0.9637,0.6087,-0.0981,0.3614,2.5283,-0.6221,-2.8235,1.3862,-0.3627,1.495,0.4306,-0.5319,1.5534,1.9027,-0.9253,-0.8568,0.1146,-0.5767,-0.9339,-1.7873,-0.883,0.2317,0.9575,1.6756,0.0247,-2.7891,-1.0606,-0.9142,0.5056,-0.7768,-0.282,0.2978,0.5474,-2.8195,-0.0771,0.8614,2.341,-0.6071,0.4067,-0.9018,0.714
39,Juggernaut,1.2663,-0.2837,-1.3481,1.061,-0.298,-0.3108,0.3697,-1.3986,-0.8602,-0.5493,0.4099,-0.5236,-0.4341,0.2941,-2.5409,1.1777,0.9842,2.9008,-2.5737,-1.8354,-0.3941,1.5525,1.0137,0.0975,0.1546,1.2969,1.7924,-0.6978,-0.7855,-2.309,-1.2077,0.5383,-1.7914,1.3514,-2.3196,0.8924,0.7328,3.1799,-2.0163,0,-0.0205,-1.5962,2.264,-2.8702,-0.7276,-0.7306,0.0634,0.8164,-0.0937,0.6079,0.7584,-0.356,-0.0538,2.7984,-0.4435,0.8821,-1.9744,-0.1438,-1.5216,0.7208,-1.7685,-1.0003,-0.0071,0.2777,0.6234,-0.1317,-2.5844,0.1721,-1.0503,-0.4352,0.5365,0.7137,-0.0472,0.0065,-1.417,0.6111,0.1426,0.8456,-0.6208,0.4934,-0.3021,0.0086,0.6537,-3.986,0.064,0.965,0.6636,2.1929,1.9686,1.6765,-0.6158,-2.2995,-1.2648,-0.7704,-1.1201,1.7483,-0.1705,-0.7901,2.0807,0.452,-1.2197,-0.91,1.4776,-1.6923,1.6168,0.9299,0.4448,-0.3438,-0.1658,-2.828
40,Keeper of the Light,-1.4316,0.0775,-0.2537,0.45,0.3462,-0.9935,3.225,1.2607,4.1773,-0.803,0.7483,-0.0424,-3.8117,0.7702,-0.3464,-0.0715,3.6867,1.0384,0.6242,-0.1869,-1.9292,-1.748,-0.6796,-0.0514,0.5478,-0.88,-0.0325,0.2939,-0.1441,-0.8113,1.0673,-0.0975,1.4433,0.5992,-0.8194,2.7983,-0.0126,4.9108,-0.2111,-0.1619,0,-0.7956,0.8059,2.084,-1.3433,1.8098,-0.4273,-0.1608,3.8338,2.0511,1.5504,0.6201,-2.807,3.101,-0.731,-0.4174,1.0236,3.6903,-1.9613,-0.3671,-0.1589,-0.1349,-1.4796,0.1574,-1.3369,0.8816,-1.0587,0.2519,0.9746,2.0106,1.444,-0.0469,-0.9299,0.2597,0.429,-0.9253,0.3429,0.1584,-0.6164,0.5287,-1.1067,0.8637,0.23,-1.0762,1.4514,0.2965,-1.2025,-0.6721,1.1882,-0.4038,-1.0294,-2.1183,1.7241,1.3684,-0.7909,0.9616,2.1499,0.4504,-0.3819,0.6655,1.7449,-0.4448,0.5894,-1.1267,0.4517,0.032,-0.1687,-0.6687,-4.7532,-0.606
41,Kunkka,-0.9848,1.1953,0.5782,-0.8475,1.5317,-1.828,-0.8047,0.0343,-3.5368,0.8787,0.6897,0.335,0.1017,0.3521,-0.3491,-2.0124,-1.2548,0.7779,0.031,-1.0981,-0.346,-0.9136,0.3209,0.0015,0.7744,-0.5806,0.0867,-1.0555,-0.1676,-1.0653,1.5152,-0.0564,-1.2222,0.3391,0.6189,0.6319,0.7017,1.0182,0.0078,0.8555,0.9512,0,-0.4904,-1.0566,-0.3386,1.4059,0.4844,-0.4153,-1.2205,-1.0082,-1.593,0.0884,-1.1967,-2.14,-1.2581,-1.1119,-0.3401,0.5429,-1.061,-0.7143,-0.4951,-0.2212,-0.3625,0.6992,0.9744,-2.219,0.2454,0.3607,-1.1341,-0.3116,-0.2334,0.5012,-1.0764,1.1827,-1.1315,-0.4357,-0.5317,0.0897,1.0514,-0.2225,0.3997,-0.627,1.218,-0.6036,-0.7704,-0.9183,-0.4136,1.2702,0.4434,-1.1846,-0.7299,-0.0261,0.7323,0.1378,0.1406,0.1594,0.6216,-0.5761,0.042,-1.3068,0.523,-0.7287,2.7603,-0.5206,1.2214,0.0744,1.015,-0.21,0.398,-0.3817
42,Legion Commander,1.0344,-1.4767,1.0966,-3.8793,-1.2096,0.027,0.4925,1.4398,0.1998,-1.5959,-1.0006,-0.5693,-2.1837,-2.476,0.4138,0.9761,-0.0882,-1.5735,0.6896,0.5991,0.1182,3.0833,-0.7751,0.2505,-0.4803,1.9393,-1.9468,-0.3603,0.1163,1.0482,-2.996,-1.056,0.0571,-0.225,0.1903,-1.898,0.2819,1.147,0.8436,-2.2657,-0.6366,0.5209,0,-0.3726,0.7118,0.1216,0.0138,1.8196,-1.0702,0.1277,-1.6111,1.715,1.3393,-0.1776,-0.3963,0.3924,-2.8036,-2.2689,-1.0538,-0.0528,-0.1906,0.8231,0.8162,3.189,-1.1784,-0.889,0.2125,-1.1961,-0.8457,-0.4172,-1.0727,0.4947,0.292,-0.1927,1.0148,1.9397,0.6135,0.0016,-1.5446,0.6462,1.7239,-1.1926,-1.3741,-0.7869,0.6771,-0.3716,0.8047,0.3243,1.6308,-1.5062,2.4849,0.4643,-0.5949,0.7473,0.9757,1.8549,-0.2753,-0.547,1.263,1.3198,-1.1684,-0.8281,0.8507,-1.4077,-1.1084,0.8861,3.9161,0.743,1.9376,-0.7453
43,Leshrac,-4.108,-1.3327,-0.7394,1.4928,-4.0126,-1.2754,-1.5362,-4.152,-0.17,-0.3774,0.6274,-1.4112,-0.8186,-4.8461,-1.9449,-1.4735,-10.633,1.4479,0.8928,-0.9804,-2.7086,-1.9177,0.7034,0.6282,-0.3133,-1.8933,0.8742,-3.7334,0.3948,-0.262,1.8444,-1.3603,0.3697,-0.4547,-0.3185,1.0869,0.1546,-11.6726,-1.5859,1.0131,-2.0885,0.7544,-0.5105,0,-1.2225,2.6293,1.6664,0.3612,-5.032,0.3678,-0.2862,-4.0414,0.658,-11.0787,0.3577,-0.8344,-3.6998,-0.2455,-0.9697,-0.8267,2.1998,0.4924,-1.198,-6.3305,-1.5557,-2.4213,0.8549,-0.2284,-1.4114,0.4635,-0.4407,-0.944,-0.7113,0.3173,-1.3153,-3.6182,0.7952,-0.462,1.072,-1.6535,-0.7735,-1.3225,1.0968,0.3733,-1.791,0.2218,-0.3612,-4.9521,-0.7339,-1.7152,-12.9866,-2.7509,0.7969,0.4196,-1.5776,-2.1162,-0.3546,1.2143,-0.0684,-0.7502,0.1994,0.6953,-8.6452,-0.2045,0.4673,0.7149,-3.0506,0.0959,0.0108,0.8753
44,Lich,-0.6903,-0.4095,0.5671,2.9538,2.4346,-0.3885,1.0641,0.837,-0.7374,0.7736,1.0316,0.6119,-0.2567,3.2744,0.7427,-1.8447,4.1959,0.8725,0.9902,0.3685,0.4431,-0.7288,0.6347,0.4165,0.554,-0.8798,0.1654,0.9673,0.2094,-0.8487,0.6514,1.1811,-1.2432,0.4377,-0.334,2.1385,2.2607,1.7168,-0.4851,1.3457,1.2852,0.5797,0.6301,1.0392,0,0.7303,1.115,0.9503,-1.424,-0.4169,0.4767,-0.4754,-2.1948,-2.0423,0.7935,0.6745,0.9609,3.1923,-0.8685,-0.7648,1.0477,-0.1074,-2.1629,1.6775,-0.1074,1.5675,0.7843,1.5521,1.9537,1.6814,0.9438,-0.7021,1.1355,2.313,1.1766,2.5979,0.1613,-0.128,0.1722,1.1041,-1.2769,2.341,0.8549,0.1415,0.1747,0.8236,-0.9446,1.8521,0.3265,-0.2751,-0.2848,1.091,2.2528,0.6743,-0.0822,-0.9798,0.4853,-0.2507,-0.548,-0.6253,0.64,-0.3802,1.4893,-2.475,1.6924,1.4341,-0.4903,0.0602,-0.4729,0.5623
45,Lifestealer,1.0407,-1.8867,0.9609,1.4615,-0.8587,-1.1306,0.8496,-1.6367,0.7663,-1.6139,-0.2495,-0.4521,1.3352,0.0981,-2.4358,2.1451,-2.9694,1.2944,-1.8385,-1.4181,0.8114,2.7152,1.2729,-0.7992,-1.6132,-0.2516,0.7916,-0.3622,-2.0602,-2.1056,-1.3995,-1.5354,3.5996,3.3286,-2.6991,-0.3735,-0.2552,-1.0369,-1.6323,0.5457,-2.0354,-1.6743,0.0052,-3.8851,-0.1137,0,-0.5377,0.2868,-1.5048,0.1319,1.2772,1.9104,1.3969,-0.0499,-0.6195,0.0551,-0.3181,0.5377,-1.1776,0.0979,-2.7862,-1.2379,2.2056,0.6497,-0.7681,1.6141,-0.9946,-0.7614,-2.8652,-2.1404,0.5726,1.4589,1.3415,-0.6968,-1.448,0.3724,0.4111,0.5876,-1.021,-0.8903,-0.2496,1.2555,-0.0089,-5.0028,-0.5411,0.4619,0.3067,-0.4281,4.3081,2.5386,-0.3178,-2.8486,-1.9464,-3.6539,0.2856,3.3194,-1.0695,0.448,2.2678,0.4044,-0.3654,-1.1201,-0.3277,-0.2501,2.7992,2.4452,1.8302,0.4359,-0.5623,-4.095
46,Lina,-1.2798,-1.0795,-0.3825,-0.2415,0.1653,-1.9674,-0.62,0.7368,-1.2687,-0.2503,-0.8368,-0.7043,0.0315,-0.795,0.285,0.3781,-1.1796,-0.1549,0.603,-1.9543,-1.6886,-0.5191,-1.5796,-0.1978,-0.0709,-0.5585,-0.2526,-1.536,-0.2284,-0.5032,0.3783,0.3036,-0.8706,-0.334,0.7229,0.1755,-0.4044,-1.2117,-0.3432,-1.3749,0.7737,-0.5091,-0.8744,-1.7201,-0.75,-0.0767,0,-0.6056,-1.0606,-1.0433,-0.9647,0.3572,0.8617,-2.041,-0.807,-0.3821,-1.7855,0.2683,-2.1497,-0.1302,0.3397,-0.0628,-2.7199,-1.0685,-0.725,0.0516,-1.2447,0.9946,-1.795,1.8863,-0.0471,-0.0882,-1.8211,0.1248,-0.2736,-0.2504,-0.5307,-0.1123,0.053,0.3419,-0.8228,-1.9337,0.3185,0.368,0.1793,-0.7361,-2.1304,0.0767,0.4843,-2.0876,0.9014,-2.5389,-0.8489,0.3591,-1.792,-1.2811,0.6967,-1.1761,-1.7931,-0.0651,-0.3248,0.3602,0.3307,-0.6458,0.4356,-0.1824,0.646,0.355,-0.8049,-0.6227
47,Lion,-0.9119,-0.0024,-0.2712,-1.3014,3.0778,-0.7312,0.9037,0.7516,0.5739,-0.6367,-0.3019,-1.0007,-0.2839,-0.8259,0.8354,-0.5647,1.2697,0.0143,0.9847,-1.4975,1.1707,-0.3712,1.0634,0.0912,0.8136,0.3592,0.2568,1.1655,-0.3235,0.5897,-0.0018,-0.1678,0.2169,-0.7521,0.3025,-0.5486,0.682,0.9947,0.0657,-1.0925,0.5729,0.4923,-1.7427,-0.8595,-0.1465,-0.3209,0.3036,0,-0.2856,-0.2385,-0.1102,0.3744,1.5198,1.0709,-0.4117,0.778,-0.1152,-0.4025,-0.6206,0.2605,0.0269,0.1272,-0.7336,0.9962,0.7555,0.3023,-0.4154,-0.0518,-0.8338,1.4331,0.1081,1.4998,-1.5794,0.9078,-0.1771,1.9373,-0.6884,-0.5739,1.0619,0.5347,-0.6944,-1.4998,0.6559,1.4994,-0.4487,-0.1249,-0.9403,-1.1426,1.2009,0.1506,2.4861,-0.3717,0.6793,-0.3102,0.359,-1.8994,-0.2111,1.4798,-2.2383,-0.2339,0.9298,0.7251,2.2147,0.7135,-0.2073,-0.2025,0.758,-0.0142,-2.3149,-0.5142
48,Lone Druid,-3.7499,-1.5431,-3.6505,-1.6428,-10.2415,-0.118,-1.4067,-5.3574,2.7072,-0.7446,-0.1088,1.5063,0.5595,-3.8842,0.38,0.1188,-11.5093,0.3533,-1.6961,0.5566,-3.1969,-2.5455,0.406,-1.8971,-0.6171,-0.3012,0.2201,-5.2155,-0.2116,-5.4127,1.465,0.9984,-0.5608,-0.668,1.1856,1.5089,-2.2737,-12.4403,1.0094,-2.1153,-3.9457,0.507,-0.9912,4.8376,0.7809,-0.2,0.7494,-0.7045,0,0.8142,1.9972,-0.6695,-1.4097,-8.0726,-2.8175,-3.4162,0.3096,1.5576,0.436,-0.6056,-1.0885,-0.4601,-1.7314,-4.7936,0.3456,0.7032,-0.5345,-1.8222,-3.9354,-2.1816,0.515,-0.4528,-3.5692,-1.6807,0.063,-5.366,-0.4553,-0.013,-2.1425,-1.9828,-0.3659,-1.2683,-0.6792,-1.1343,-1.8259,-1.7368,-0.5823,-9.3029,-1.8211,-2.0161,-6.7764,-0.3283,-0.187,2.1715,-1.4572,0.352,1.5345,-2.0037,0.8255,0.7772,-0.4675,1.0569,-12.4501,-0.1889,-1.2417,-0.2472,-2.9324,0.0398,-1.8043,-1.1726
49,Luna,0.9675,-0.3126,-0.9921,0.4209,-2.6685,1.1298,-0.7678,-1.4997,-0.6448,0.8537,0.3695,-0.3915,2.8567,2.7161,1.3085,0.9822,-4.2358,0.0318,1.0518,0.5709,0.5352,-1.5,-1.3767,-0.4316,-0.6946,-0.7,0.3196,-3.4971,0.6264,-1.2094,0.0454,-0.467,-0.5046,-0.8874,-0.0868,2.5585,1.3923,-3.2051,-0.0685,0.1625,-2.2509,1.1252,0.9649,-0.7292,0.4348,0.3751,1.234,0.77,-1.734,0,-0.2713,-0.313,0.5007,-0.0414,0.1921,-0.6386,-0.4719,1.3855,0.2589,0.4835,0.7493,1.1562,-1.9426,-1.6807,-0.8816,2.0746,-0.2458,-0.9239,1.6734,-2.8415,0.8634,-0.3306,0.5245,1.7723,2.432,0.0405,0.4893,0.1801,-1.6413,-0.1506,-0.63,2.8042,1.6967,2.2792,0.7451,-1.2498,0.9904,-1.2149,-0.6238,-0.654,-1.1435,-0.5136,1.4756,1.3541,-0.0568,0.3783,-0.2926,-1.7134,0.7747,-0.295,0.4738,1.6382,-4.2025,1.0101,-1.0448,1.0892,-1.6186,-0.1251,1.7351,1.5401
50,Lycan,-2.7369,-0.6101,-4.4686,-0.8973,-9.036,2.9988,-2.1241,-4.206,-0.8455,1.0797,-0.3904,-0.4451,3.0551,-0.4534,-0.6781,2.6021,-7.2369,-0.744,-0.1199,0.8607,-0.987,-0.9371,-1.3699,-0.3882,-1.709,1.0249,-0.0667,-4.3767,1.7784,-3.7625,0.4857,3.2206,-0.2231,0.2284,1.1839,1.3053,-0.8369,-9.1672,0.2871,-1.4378,-1.566,1.3894,0.9156,0.3078,-0.6906,-1.5051,1.1049,0.0054,-2.0981,-0.1272,0,0.1007,-1.3536,-4.2791,-1.6982,-2.273,0.4217,0.9375,-0.2714,0.8905,-0.2302,0.7058,0.2331,-5.1334,0.4908,2.5765,-1.5472,-1.734,-2.8583,-2.8428,0.4114,-0.7841,-1.5043,-1.7969,1.2644,-5.2335,0.601,0.449,-4.0016,-3.591,2.5186,0.7723,-1.6411,-1.9977,-0.1205,-1.0118,1.5624,-4.8357,-0.6236,0.9879,-2.4253,2.6708,0.0083,1.3197,-0.2393,2.2348,-0.3199,-1.1494,0.023,0.2018,-1.1411,-0.4519,-9.5833,-0.7757,0.7227,1.5485,-0.9971,-0.1345,-1.4989,-1.9508
51,Magnus,0.6616,1.1408,-0.2255,-0.5031,2.1175,-1.5396,0.494,0.0381,-1.5112,0.6219,-0.8725,-0.0906,0.228,0.36,0.2233,-2.9328,-0.1274,1.7474,0.5031,-1.3896,0.219,-2.2304,-0.0801,-0.3256,0.767,-0.1655,0.2671,0.3856,-0.2249,0.4019,-0.1653,0.1661,0.945,0.3665,-0.4037,0.7607,-0.7888,2.6154,0.112,-0.7752,-0.5528,-0.1942,-1.9474,4.1021,0.4847,-2.1839,-0.2801,-0.5536,0.4773,0.1891,-0.0718,0,-0.673,-1.3913,-1.9945,-0.1925,-1.2485,1.6204,-1.6747,-0.2008,-1.3139,-1.4817,-2.7652,1.3485,1.2927,-1.9085,0.5122,1.6816,-2.539,0.6965,-0.2,0.2946,-0.8695,0.5134,-0.9059,-0.8415,-0.4836,-0.5324,0.5681,0.1182,-1.4896,-1.6477,1.5641,1.067,-0.2751,-1.5001,0.0762,0.4566,1.1359,-0.5684,0.9628,-0.2706,0.5908,0.1849,-0.6614,-0.1204,0.0503,0.1109,-0.3436,-1.9048,0.4919,0.6772,3.403,-0.7688,-0.5096,-0.0185,1.3487,-0.0172,-0.265,-0.0807
52,Medusa,-0.3129,2.4844,-0.7802,4.3136,1.1167,-1.112,-0.3967,-0.9593,-0.9573,-1.1749,1.3016,-0.1609,0.0489,3.2509,0.8066,-4.4254,0.4699,0.4496,1.7715,-0.715,-0.4581,-1.233,-1.5685,0.0655,-1.134,-1.9537,1.9757,-0.1594,-0.3034,1.353,0.501,0.5892,-3.2391,1.911,0.436,1.1405,3.7562,4.2862,0.8153,0.3579,2.8329,1.2675,-0.3978,-0.9592,2.2668,-0.953,-0.6942,-0.8968,0.8378,-0.4994,1.1595,0.5758,0,1.5362,1.3355,-0.4855,-1.1859,1.603,-2.9146,0.751,2.5955,0.4003,-1.968,-0.6991,0.3117,0.1933,0.0135,-1.4023,0.6043,-1.7375,-1.5247,-0.911,2.1756,0.2828,-0.5735,-1.2888,-0.071,-1.1918,-1.3868,-0.862,-0.8019,2.8268,2.6484,1.1976,-1.038,-1.5882,-2.7057,-1.447,0.5807,-0.2743,0.6878,-0.6918,-1.2378,0.1567,-0.3234,1.4959,0.7807,-3.0681,0.8922,-1.2464,-0.344,-0.064,-1.603,-1.414,0.8487,0.3804,-0.1632,-0.4271,-1.8498,-0.6697
53,Meepo,-3.4624,-2.1475,0.0089,-5.3551,-5.399,1.0001,-0.4292,-2.253,6.9392,-2.0026,-3.0033,2.5971,0.5671,-0.6829,-0.3649,-1.804,4.2734,1.5221,-2.0544,-2.1626,0.11,-1.5518,-0.6268,-0.0727,-2.5945,-1.5189,-0.1068,1.666,1.1099,1.0372,5.3464,2.8842,2.4705,-2.0987,0.4717,0.271,-1.1196,-1.1886,3.8333,-4.167,-3.176,1.5446,-1.3168,10.8373,1.2099,-1.0838,1.7984,-1.6254,8.0991,-0.5955,4.2223,1.2205,-1.9258,0,-2.6452,-3.5408,1.2633,2.5251,-4.3225,-2.9107,-0.3926,-2.6848,-2.8357,-1.27,1.0168,-1.2445,-0.5237,1.8348,-5.155,0.3465,-1.6379,-3.005,-2.0656,0.2568,0.8932,0.2995,1.1187,-0.9321,-0.6771,-1.7991,-2.1826,-2.404,-1.8742,-3.4064,-5.9694,-0.7869,2.8761,-0.6289,-1.577,0.2703,-4.1062,1.9406,-2.371,2.3111,-1.4836,0.6287,-0.3807,-0.1158,0.7881,-0.689,1.3627,-1.9948,0.7761,2.6652,-0.1838,1.6318,5.8705,-0.5396,-3.3893,-4.6118
54,Mirana,0.5142,1.4569,-0.6961,2.2983,3.2186,0.4593,-0.3339,1.0689,-0.3654,0.8591,3.0328,-1.3133,-0.6591,-0.4907,0.2126,-1.008,0.4919,0.4835,-0.553,-1.185,0.6471,0.2289,-1.2571,-0.0589,0.662,-0.4779,-1.1186,1.4734,-0.1106,-0.0932,0.7965,-1.1021,-0.408,0.4498,-1.3252,1.3616,1.5782,1.3211,-1.6903,0.5507,0.1987,0.7079,0.6122,-2.2524,-0.6325,0.5095,-0.4288,0.0462,0.6335,-0.0362,0.9049,0.8119,-1.651,0.7959,0,-0.1711,0.6131,-0.5399,-0.2515,0.057,1.2886,-0.3866,-0.5741,1.1888,-0.2717,-0.7995,-0.4097,0.8303,1.0944,-0.6717,0.5936,-1.6563,-0.7259,1.4022,-0.1614,1.237,0.35,-1.6317,-0.2073,-0.2381,0.2558,0.7852,-0.4194,1.5028,0.1408,1.0298,-1.2246,0.2013,1.6019,0.7048,0.3342,0.0671,1.0217,0.4687,0.6068,-1.5861,0.0178,-0.3616,-0.6494,-0.6188,1.1169,-0.5266,1.026,-0.1549,-1.9415,-0.305,0.5849,-1.0576,-0.2992,1.7691
55,Morphling,0.8729,-1.7489,0.7254,2.8893,1.9955,-1.152,-0.2695,-0.7408,1.5236,-1.0693,0.523,0.465,-0.3833,1.5625,0.4003,0.7606,4.0167,0.4299,-0.9714,-1.0684,0.5569,-1.411,0.7436,0.9048,0.5077,-0.8761,1.4582,1.6931,0.1298,0.3688,0.4143,0.2203,-0.6864,-0.2732,0.2275,1.8464,-0.3543,3.2387,0.2444,-1.2961,0.5026,1.081,-0.4091,0.7263,-0.5823,-0.2195,0.4534,-0.6593,3.1736,0.6436,2.3207,0.1558,0.4853,3.4165,-0.6962,0,1.081,1.405,-1.0692,1.7877,0.5371,-0.5335,-1.8619,0.6741,3.3775,1.6719,-2.4266,1.3894,-1.6406,1.2295,0.6608,-0.2278,-1.0777,1.5947,-1.1155,-0.7498,0.3435,-0.2605,0.7894,1.5022,-1.0298,-1.3182,-0.8471,-0.24,-1.7301,-0.2779,-1.4329,0.4692,1.9262,-0.9611,-0.2314,0.451,0.7252,1.6143,0.8674,0.4348,0.1707,0.3023,1.1007,-0.0411,-0.4715,-0.0626,3.1353,0.2492,0.0827,-1.2376,-0.4537,-0.7601,-1.3558,0.693
56,Naga Siren,0.1734,1.0569,-3.0127,0.477,-4.4615,0.6712,-1.5255,-2.9207,0.2334,-0.424,-2.272,-0.6565,0.5862,-4.0934,0.4498,-2.5488,-1.8769,-1.4543,-0.3978,0.3064,0.3469,-1.4095,-0.2317,-0.0987,-0.0884,1.8661,-0.8666,-2.7951,1.2873,-0.2781,2.854,0.0598,0.7332,-1.0271,0.7622,0.4883,-1.7085,-1.1747,0.739,0.2498,-1.1001,0.032,1.4264,3.6317,-1.2932,-0.4697,1.7351,-0.2716,-0.3125,-0.1259,-0.4401,1.1601,0.651,-1.2505,-1.9291,-1.1987,0,-0.6938,1.5905,-1.2016,-1.7645,-1.0603,-0.1794,-3.6251,0.1051,0.0209,-0.9627,-0.2194,-2.2011,-0.439,-0.2091,-0.0788,-3.7167,-0.5016,2.5501,-3.445,-0.2237,0.4466,-2.3598,-2.2007,-1.7092,-1.1512,-0.392,0.8368,-0.8787,1.6242,-0.2029,-4.1034,-3.2111,-0.4174,-1.0272,1.4095,-1.1952,1.8906,-1.2843,-0.5459,-0.1413,-0.3273,-2.459,-1.8129,-1.2299,-1.6582,-4.5129,1.9652,-0.8538,-0.8125,-0.1492,-0.6294,-3.3061,1.6184
57,Nature's Prophet,-4.351,0.0447,-3.4237,1.1912,-5.3164,-0.9922,-0.5854,-2.4631,0.073,-1.3562,-0.0383,-1.4979,-0.865,-2.3264,-0.2682,0.2571,-8.2618,0.3855,0.1227,-1.1257,-2.2603,-1.5786,-1.447,-1.092,0.4666,-0.4257,-1.1878,-2.2503,-0.3455,-1.814,1.3755,-2.0183,-2.6117,0.4247,0.6478,-0.2447,-1.8914,-10.1649,-1.2201,-1.4487,-3.3005,-0.4928,0.5563,0.5407,-2.6782,-1.2145,-0.2361,-0.0426,-1.8163,-0.9963,-0.548,-1.4704,-1.3046,-2.707,-1.0197,-1.2165,1.0861,0,-1.1124,-0.0891,0.5153,-0.3092,-1.8981,-6.2673,-2.2485,0.2986,-1.2655,-0.1319,-3.2155,-2.825,0.6446,-1.209,-2.6334,-0.3497,1.4059,-3.8447,0.5333,-1.0013,-1.2084,-2.0844,-0.0313,0.1745,-2.8161,2.6645,-0.0782,2.706,-2.0564,-5.8552,1.2109,-0.0004,-6.4604,0.2886,0.7509,0.9845,0.1368,-1.3351,1.0398,-1.8917,-1.2749,-0.0506,-2.2408,-1.9215,-8.2723,-1.7612,-1.3909,-0.294,-1.4989,-2.0041,-1.2081,-0.0759
58,Necrophos,-0.4975,1.0793,2.8256,2.3522,1.9795,-1.7491,-0.6748,0.2386,-0.9427,-0.5739,0.7475,-1.2158,-4.4675,-2.5014,-3.5525,0.4457,1.4785,1.06,-2.0279,0.6293,0.0992,1.1736,1.5179,1.124,0.0167,-1.9117,1.7321,0.6343,0.0085,0.3284,1.8751,0.3186,0.2103,1.1663,0.1456,-0.6041,2.9649,2.2254,0.3864,2.0351,1.4998,0.7013,1.8862,-0.271,0.8265,1.4115,1.5506,0.8118,-2.46,-0.4015,-0.7165,0.8602,2.8536,3.2154,0.5053,0.4889,-3.1135,0.5049,0,-1.7284,0.6153,-0.5065,-1.2398,1.9055,0.0312,-0.4877,-0.3747,2.4314,1.8286,2.0631,0.3841,-1.7562,-0.7027,0.8684,-0.9778,1.6218,0.9207,-0.2621,1.5,1.4409,0.0288,-0.4729,2.2911,-3.213,-1.0506,0.0138,0.3337,1.4176,1.694,0.8729,-0.1336,-0.853,1.3659,-1.5777,-0.7251,-0.4727,-0.1319,0.4016,0.7812,-0.3275,-0.2123,-0.02,1.8402,1.7537,-0.2109,1.7923,-0.8968,1.3141,0.6636,0.4914
59,Night Stalker,1.0048,-0.9761,-0.9467,-1.2391,-1.7884,0.7558,-0.0078,0.359,1.4614,0.9074,0.5511,-0.4275,1.7923,1.2072,0.0442,1.7178,0.7727,-2.0968,0.7248,0.583,1.905,0.6799,0.3449,0.4675,-0.1171,1.8305,-0.8828,-0.679,0.8796,0.2839,-0.7728,-0.5826,-0.4593,-1.2471,0.6385,1.8714,0.428,0.3507,0.9863,-0.8338,0.3781,0.7411,0.2465,0.7663,0.737,-0.0951,0.3631,-0.0373,0.2877,-0.5806,-1.0095,0.2215,-0.7944,2.7772,-0.5467,-1.7221,1.0593,0.5103,1.0294,0,-1.5666,0.8299,-1.0561,-0.8292,-0.3008,1.555,-1.8624,-0.5247,-0.8655,-2.2438,0.3092,1.8742,-1.2012,0.5775,1.3922,0.174,-0.506,-0.2346,-1.7096,-1.1499,2.1385,0.3061,-0.5575,-0.0169,0.8329,-2.1144,-0.5495,-0.8976,0.0176,0.3079,2.0341,-0.4139,-1.1252,0.8204,0.5181,-0.5152,0.2939,1.1061,-1.1549,0.2229,1.031,1.1351,-0.6524,0.0818,-0.6555,0.4153,1.358,1.1952,0.0035,-0.1448
60,Nyx Assassin,0.4512,-0.4521,-1.5942,1.2605,0.3838,-0.0429,0.0123,0.4322,0.3774,0.6428,0.9285,0.0623,-0.3856,1.4954,1.0417,1.8656,0.0533,1.0799,-0.0604,-1.3896,-0.1356,-0.3093,0.9247,-0.2653,0.4311,1.8552,1.0247,0.7187,0.8597,-0.6731,-0.2208,1.3649,-0.7841,-0.2218,0.6117,1.8811,-0.856,1.7028,0.1908,1.1847,0.182,0.5172,0.3055,-2.4837,-0.984,2.4744,-0.2095,0.1495,0.6619,-0.7554,0.1277,1.2805,-2.5997,0.0874,-1.6532,-0.5296,1.6062,-0.2094,-1.0889,1.6015,0,0.3992,0.2814,-0.718,-0.166,1.1082,-1.7886,-0.207,0.3447,-1.0914,-0.0489,1.381,-0.2937,0.7688,-0.1059,-0.6154,-0.3293,0.9566,0.1127,0.8552,1.442,-1.2043,-0.3821,0.097,1.3733,-1.2595,0.1963,0.9464,2.7342,-1.0026,1.7223,-2.3036,-2.2394,1.1914,1.3047,0.6024,1.3092,1.7678,-0.5279,0.5626,1.3594,1.7259,1.3582,-0.3214,-1.2829,-0.4788,-0.1935,0.0598,-2.4308,-0.4917
61,Ogre Magi,1.2092,0.1492,0.5286,0.5827,0.5664,-0.0285,-0.6302,0.2473,1.1283,-1.2467,-0.3866,0.4029,-0.2719,0.3346,0.1979,2.0547,1.8941,-1.0621,0.1629,0.119,1.331,0.9847,0.2332,0.554,0.3237,-0.2335,-0.4461,0.4998,1.1822,1.286,0.7813,-1.6021,1.0026,0.4564,-0.089,0.8552,1.6913,1.0111,-0.2466,1.2808,0.0366,0.3491,0.1978,-0.8014,0.1323,1.5108,0.267,0.4863,-0.1493,-1.158,-0.9863,1.4035,-0.3964,2.3289,0.3701,0.5476,0.7019,0.7214,0.2427,-0.9113,-0.3969,0,1.3826,1.7941,0.4491,2.73,0.7744,0.4247,0.8173,0.8183,0.7557,-0.16,-0.4865,1.35,0.946,0.9557,-0.6118,0.1312,0.6188,0.8397,-0.543,1.2635,0.8017,-0.1221,0.5091,0.6114,0.1009,-0.8278,-0.4816,1.1043,2.5579,-0.8322,0.4798,-0.1644,1.0844,-1.998,-0.0881,2.0526,-1.7232,-0.0297,0.0874,0.0535,0.0561,2.685,0.6246,0.7976,0.2423,1.3628,-0.4975,0.32
62,Omniknight,-0.6355,0.1613,2.6692,0.8921,1.578,2.9313,0.8596,-0.4489,-0.7563,2.1875,0.5895,-1.014,-0.0833,1.1645,-2.2795,-2.4852,1.57,2.1685,-1.0226,0.737,2.1967,1.1953,1.2394,0.5642,1.9555,0.3186,2.5216,1.3483,0.882,0.5141,0.8455,2.8414,3.0264,3.2939,0.496,-0.6704,4.6585,2.5528,0.3426,1.9748,0.7885,0.3067,1.6667,0.2239,1.9464,-0.9879,2.5603,1.7038,0.2466,1.8031,-1.256,2.1444,1.7642,1.686,1.5707,1.5526,-1.1877,1.947,1.4465,0.5268,-0.6404,-1.7188,0,4.0129,2.2817,0.5684,-0.2124,0.0427,2.4161,2.0656,1.9692,2.6983,0.6414,3.4375,0.0422,2.8967,2.0392,-0.8436,1.1417,0.8098,-0.3386,0.4478,1.593,-3.0468,-0.6533,-1.2535,1.3744,1.9304,1.6073,2.3623,-0.4909,2.3138,2.1983,-0.0144,-0.3417,0.4033,-0.2194,2.9726,0.9683,0.6223,0.1417,-0.6792,1.9711,0.0527,3.219,3.3867,0.466,0.0213,-1.6715,0.0825
63,Oracle,-0.7606,-0.2805,-2.5507,0.489,-0.2935,-2.1217,1.3277,-3.8382,3.9205,-0.5525,-1.7248,0.6388,0.9074,2.0211,0.4697,1.1867,3.9875,1.8785,-1.4475,-1.9885,-3.8468,0.6371,0.77,-3.1569,0.0932,-0.951,1.5714,-0.6403,-0.331,-2.697,-2.0863,2.0033,1.0356,-0.2856,0.3517,-0.2263,-2.133,0.4897,0.8485,-2.401,-0.3607,-1.2236,-4.2518,6.1038,-2.1347,-1.8837,0.8087,-1.9408,4.7883,0.9136,5.0185,-1.4868,0.119,1.2597,-3.3774,-1.0411,3.616,5.6725,-3.5746,0.5264,0.2344,-2.3087,-5.5167,0,2.6814,2.8391,-1.6017,-0.1435,-3.8786,2.2199,-0.1066,1.8902,-2.7414,-1.9058,1.3235,0.8513,-0.3603,-0.341,-2.3619,-1.9039,-1.6748,-2.3048,-0.8513,-2.9864,-0.9882,-1.7247,-2.8004,-2.6719,1.1066,1.3408,-2.6957,-1.6696,-2.5273,0.9307,-0.8717,-0.2678,1.5625,1.6644,-0.5638,0.5506,0.071,0.5793,1.6442,0.9709,1.6524,-0.1622,1.5773,-1.4525,-2.0332,-2.2235
64,Outworld Devourer,-2.9984,-0.6514,-0.5549,-2.7867,-0.9092,-2.9433,0.6443,-0.5573,0.8207,-0.4749,-1.2193,0.1706,-0.749,1.7145,-1.0414,-0.215,-2.1854,0.8903,-0.3753,-0.4085,-0.5533,-0.408,1.2747,0.5443,0.5286,-0.6809,1.0754,-0.5721,-0.7181,-0.2471,-1.8969,1.5588,1.3404,-1.7466,0.4848,0.5697,-0.9684,-1.1283,-0.4795,-1.697,1.3132,-1.1069,0.1127,1.5532,-0.1013,0.0095,0.7666,-0.9582,-0.4308,0.4718,-0.4826,-1.2761,-0.6014,-1.0631,-1.0579,-3.3586,-0.1139,2.3696,-1.1082,0.207,-0.024,-0.7105,-3.2383,-2.7834,0,0.9632,-0.813,1.3748,-2.6586,4.875,1.1559,-0.4516,-1.4159,-0.4757,0.7862,-0.3601,1.3222,1.0285,1.9022,0.8453,-1.4553,-1.9801,0.9701,-0.0296,-0.5124,-2.2263,-1.1844,-0.0171,1.0718,-0.9127,-1.9153,-2.8884,1.2374,-0.1383,-1.9164,-0.1388,0.3006,-0.6123,-2.1476,-1.0088,-0.652,0.6902,1.0125,1.2498,-0.347,1.2523,-2.0379,0.0713,-3.3472,0.4737
65,Phantom Lancer,-1.1024,-1.5236,0.5322,-4.3952,-1.5363,2.7535,0.645,1.0142,-1.7141,-0.5872,-0.5456,-1.2224,2.6406,-0.5842,2.5999,0.3528,-0.5081,-2.1889,0.0628,0.8517,1.5531,1.2763,-0.4536,-0.3032,-0.2328,1.4302,-3.6045,0.265,0.1756,1.048,-2.4864,-2.8492,0.546,-0.6117,0.489,-1.1736,-0.5795,-0.0129,-0.4097,0.1541,-2.3625,-0.4166,-0.2047,-0.99,1.5878,-2.0352,-0.0878,0.5677,-3.2775,-0.4108,-2.9302,1.0642,-1.4595,1.3472,0.8943,1.7924,-0.7685,-1.821,0.1655,0.6818,0.1458,2.4401,2.1108,0.399,-1.6555,-0.2642,1.7672,0.3196,0.9789,-0.4637,0.6959,1.1886,-2.9954,-1.5858,1.8566,-1.6507,0.9571,-1.1602,-0.9897,0.1358,0.4256,0.7625,-2.5706,0.4224,-0.5848,-0.4008,-0.3472,0.9481,-0.0571,0.1997,2.5878,3.3228,1.9763,0.5411,1.319,0.4771,0.4642,0.6195,-0.9547,-0.0923,-0.7113,-1.0713,-0.6366,-0.6191,0.4245,0.4827,0.0037,-1.2777,0.9296,-0.1779
66,Phoenix,-1.4582,0.9821,-1.5833,0.8093,-5.0816,2.5429,-2.7854,0.0381,-2.4155,-0.7569,-3.2573,-0.6551,1.2789,-0.0043,1.1323,-2.2663,-2.4604,-2.9577,-2.0935,1.2303,1.6435,-1.1402,-2.0242,0.3576,0.4314,0.0681,-3.8177,-1.2345,2.2629,2.3362,4.6272,-1.3209,2.0377,-0.9692,0.6808,-4.0929,-0.7395,-0.3419,0.893,-1.0262,-0.7349,2.1088,0.0446,2.4937,-1.3985,-1.9549,-0.0339,-0.482,-1.0218,-2.0392,-2.621,1.9542,-0.1618,1.1559,-0.23,-1.6706,-0.054,-0.1893,-0.2038,-1.4737,-1.0897,-2.6985,-0.9699,-3.1897,-1.0004,0,0.9359,1.9264,-2.8601,-0.9508,1.1171,-1.4347,-1.5087,0.5246,5.5759,-3.7173,1.1871,-0.4213,-3.3661,-2.2577,-1.722,-1.5099,-1.2597,1.6609,-1.7573,0.535,0.7988,0.4764,-4.1454,-2.1565,3.2646,4.3239,-1.3444,1.6096,-3.0061,-0.7896,-1.1181,-0.2736,-4.4666,-2.7633,-1.2505,-2.8232,-5.0425,-0.6686,-0.7754,-0.3066,-1.1717,-1.3676,-7.9774,0.9742
67,Puck,0.5465,1.5184,0.0379,2.9988,3.4534,-2.8654,0.4019,0.4543,0.9368,1.4117,0.9789,-0.8002,-1.2161,2.3562,-1.1957,-3.6665,1.676,3.3821,-1.6524,-2.8297,0.5669,-0.3278,1.4044,-0.3616,1.3066,-0.532,1.7022,2.0174,-1.5891,0.5957,0.3768,1.9423,-0.167,1.9834,-0.8378,2.1239,1.5984,2.3539,0.9448,2.1972,1.056,-0.0904,0.3684,-1.004,-0.7906,1.098,1.4795,0.837,0.1662,0.1983,1.4752,-0.4969,-0.0304,0.2601,0.0604,2.4446,0.7684,1.6936,-0.0927,1.8629,1.7921,-0.7901,-0.2606,1.2417,0.7148,-0.7976,0,0.0302,-1.1904,1.8853,0.9275,-0.8738,-0.3939,0.0718,-2.6381,-0.5592,-0.279,0.0602,2.0976,2.0748,-1.3576,-0.4361,1.0457,-2.2652,-0.4903,1.5054,-1.8358,-0.7431,-0.7741,0.3439,0.3391,0.2134,2.0026,-1.0914,-1.9194,1.8932,-0.0977,-0.9775,1.008,-0.5863,-0.3519,-0.2086,2.365,-1.2972,1.3648,0.9906,-0.9485,-0.698,-1.3931,-1.0025
68,Pudge,-0.9801,0.5414,-0.4108,0.8156,-0.4469,-1.7102,-0.0307,0.1047,0.8102,-0.4744,-1.3389,0.2284,-0.0244,0.9298,0.0245,-0.3065,-1.3917,0.054,-0.5332,-2.154,0.5795,-1.0406,0.691,0.2421,1.9798,0.7239,-0.5833,-0.1871,-1.0107,-0.9996,2.0376,-0.4754,-0.6807,0.372,-0.9097,2.6452,-2.3633,-3.0291,0.194,-1.585,-0.1634,-0.5444,0.0259,0.2275,-1.5792,-0.0265,-0.9425,-0.4122,1.7462,0.7276,1.8362,-1.6819,1.2222,-1.9506,-2.3898,-1.4423,0.2501,0.2781,-3.3291,0.5324,0.1036,-0.5765,-0.8463,0.0342,-1.3787,-1.9072,-0.0426,0,-2.4969,0.1651,-0.932,0.735,-0.7629,1.1311,-0.4715,-1.1683,0.3275,-0.3297,0.694,-1.8829,-1.0741,-3.3155,0.3703,0.7947,-1.4995,-0.0716,-0.6575,0.2025,2.2348,-1.1011,-4.7935,-2.323,-0.8684,0.4451,2.1394,1.4157,0.2029,0.7362,-0.0373,-0.3125,1.688,0.65,0.9778,1.1167,-0.6226,-0.7295,0.3603,-1.2661,0.721,0.6401
69,Pugna,2.3051,-0.032,-0.0578,1.4981,1.4437,-1.1903,-0.4531,1.5426,0.99,-0.6581,-0.56,-0.3524,1.3781,1.0657,0.1824,2.7418,2.9483,0.1127,0.7552,-1.9844,-0.1865,0.7873,1.4581,-0.262,0.0679,-0.8968,-0.7305,0.7293,-0.2225,-1.2968,1.8933,-0.95,0.0099,-0.9722,-0.4445,0.6905,1.0757,3.1354,-1.6062,1.0478,-2.0353,0.2815,0.5415,-1.2406,-1.4906,2.9538,-0.4898,0.0179,0.7845,-1.3282,2.0548,1.0908,-0.575,2.9559,-1.0244,0.8919,0.3829,0.2423,-0.9983,0.3872,-1.1976,-0.5342,-0.0679,0.9488,0.9189,1.5422,1.5029,0.031,0,-3.1901,0.978,0.2944,-0.1129,-0.2357,-0.9396,0.4733,-0.8282,-0.1367,0.0692,0.6077,1.4003,-0.365,-2.0814,-0.7929,-0.0568,1.2969,-0.3943,-0.5391,-1.215,0.5227,1.5824,-1.1512,-2.6967,0.127,-0.2464,-0.7426,0.5213,2.0869,1.707,0.6086,-1.8552,-0.9325,2.9752,0.9211,3.0983,0.6276,-0.78,0.1017,1.5639,-2.1155
70,Queen of Pain,-1.2971,0.4717,-0.7165,3.2081,-3.2898,-2.1894,-0.4756,-1.9475,-0.1272,0.1523,0.5023,0.9102,0.6399,1.617,0.3316,1.6822,-3.399,0.8995,0.0665,-1.7254,-2.6671,-2.5146,-0.5045,-0.7689,0.0548,-0.2471,1.3312,-0.5869,-0.465,-2.2103,1.045,0.4435,-0.9288,-0.1829,1.018,3.5546,-2.0187,-3.4444,-0.9965,-0.616,-2.0228,0.1788,-0.1578,-0.4564,-1.8177,1.3873,-1.6187,-1.4346,2.1147,2.4176,2.878,-0.6702,1.4427,-0.4057,-0.5797,-1.2505,0.4344,2.997,-2.9072,2.1489,0.9263,-1.0345,-2.8524,-2.3561,-4.8806,0.9645,-1.9468,-0.1151,0.8041,0,-2.0688,1.5762,-0.4566,0.6681,0.5504,-2.6161,0.4701,-0.1469,-1.2967,-2.3648,-0.9177,-1.4707,2.2302,0.3879,1.8291,-2.7457,-2.126,-0.8984,0.749,-0.5063,-2.1501,-4.2346,-1.9621,1.371,-0.0277,0.4453,1.5345,-2.38,0.8313,1.1454,-0.4117,1.3506,-4.8111,0.3014,1.7077,-0.128,-2.5951,0.6897,-0.9204,-1.4085
71,Razor,0.9164,-0.9757,-0.9519,-0.6829,0.2259,-2.1174,-0.0604,-0.3484,-0.9442,-0.3855,-1.4204,-0.1513,-0.2298,-1.042,0.0446,-0.5636,-0.2415,0.3001,-0.6343,-0.9542,-0.8171,-0.3553,-0.1962,0.1724,-0.0699,0.4945,-0.0775,0.7623,-0.1514,-0.7903,0.4874,0.4359,0.0891,0.8607,-0.1161,1.2446,-2.012,0.1101,-0.2385,-2.1343,-1.2132,0.0831,-0.3226,0.5362,-0.7421,-1.3045,0.0211,-0.617,-0.6607,-0.8361,-0.2143,0.2648,1.5419,1.7126,-2.21,-0.6517,0.3661,-0.5908,-1.3361,-0.143,0.0792,-0.7101,-2.4464,0.0381,-1.0861,-1.1174,-0.7595,1.003,-3.5411,2.3164,0,-0.1317,-1.8481,-1.003,-0.8355,-0.7672,-0.0705,0.0437,0.6442,0.8248,-0.8835,-3.0103,-1.164,-0.4235,-0.7597,-1.2917,-1.4786,0.7276,0.8637,-0.9478,1.2994,-2.7825,-1.1051,-0.1961,1.279,0.3483,0.2974,0.0409,-0.6428,-0.9519,0.169,0.6921,0.7693,0.0744,-0.1743,-1.211,-0.8811,0.2392,-0.0888,-0.2427
72,Riki,-1.3247,-0.3663,-0.3539,0.413,-3.373,-1.3276,-1.1205,-1.4433,0.2058,0.2363,-1.6925,-0.1405,-0.5043,-0.1801,-0.1652,1.6036,-0.5022,-0.9634,1.0649,-0.1744,-0.3371,-0.2935,-1.1996,-1.1029,0.6771,-0.0394,0.4001,-1.7922,-0.2516,0.1041,0.7845,1.4728,0.2791,-0.5233,2.1943,0.9299,-0.4924,-1.9128,0.0503,-1.8017,0.0375,-0.6655,-1.1976,0.9429,0.4821,-1.9446,0.1573,-1.6298,0.3723,-0.0983,0.8128,-0.3038,0.5986,3.0065,0.2759,0.1192,0.0765,1.3751,0.5795,-1.9234,-1.4849,-0.1085,-3.4966,-1.9892,0.4464,1.3601,0.7539,-0.7085,-2.0264,-1.5768,0.2316,0,-2.5841,-1.8855,1.3012,-0.4542,1.3132,-1.2886,-0.8763,-1.8729,-0.9442,0.3648,0.4496,0.6592,-2.6674,-0.9701,-2.6634,0.9334,-0.8739,0.0014,-0.6486,-0.1796,-0.4347,-0.5997,-1.4532,-0.3526,0.5435,-0.1829,-1.8879,-1.0581,0.4554,1.6854,-1.1831,0.7112,0.746,0.0394,-0.2674,0.934,-1.2499,-1.013
73,Rubick,-0.3693,1.0624,-0.887,-1.2733,-0.1591,0.8545,0.7621,-0.3806,0.2635,1.5175,4.4876,-0.3593,3.4557,2.2635,0.1529,-0.2572,2.3967,-0.3209,-1.893,-0.429,0.5559,0.097,-1.0028,0.3021,0.8348,0.8101,-0.5375,1.6065,0.0915,0.3495,-1.0741,0.1445,-2.2779,-1.0114,-0.8774,-1.5538,1.0529,2.462,-0.7943,0.1473,-0.0014,0.0681,-0.156,-1.5405,-1.4482,-1.832,-0.0757,1.02,0.6691,-0.8018,-0.1507,-0.8168,-3.108,-0.7782,0.6763,-0.0773,2.0384,0.6858,0.8986,0.1471,-0.875,0.2055,0.3295,-0.1081,-0.6656,-0.3023,-0.2966,-1.4815,0.52,-1.3877,-0.4262,0.6448,0,-0.9044,-0.899,-1.7676,0.7712,-0.6168,0.1247,0.0018,0.9408,-1.6143,1.1227,0.7404,-0.5331,-2.2965,0.6606,3.2349,-0.4639,0.7237,1.3973,1.876,1.6534,0.8718,-0.9048,1.2118,-1.1036,-2.1458,-0.965,0.088,0.2578,-0.6702,0.8249,-1.4064,-1.8116,1.2896,1.2121,-2.1494,-1.3709,0.4079
74,Sand King,-1.184,0.22,-1.1715,-0.3534,1.1043,-0.4923,-0.1218,1.0763,-0.9115,-0.0087,-1.1144,0.9469,1.3083,0.4281,-0.4911,0.4551,3.3185,1.2087,0.2561,-2.9374,-0.2557,0.0609,-0.0742,-0.9619,-0.1754,-0.2362,1.2231,1.542,-1.657,-0.8078,0.9039,1.4654,-3.1617,0.645,-0.1995,0.1691,-0.7364,1.2599,-2.2353,-1.1569,-0.0141,-1.2065,-0.3528,-0.3825,-2.0533,0.2484,-0.1157,-1.0833,1.4686,-1.6632,1.9665,-0.5198,-0.192,-0.4739,-2.469,-1.576,0.4979,0.4138,-1.5093,-0.4673,-0.7116,-1.2336,-3.6715,1.7318,0.4937,-0.5311,0.1877,-1.2242,-2.1411,-0.6514,0.973,1.9515,-0.5194,0,-0.7109,1.2496,-0.2775,-0.8297,-0.4103,0.7196,-1.2399,-0.1698,0.2629,0.0238,-0.362,-0.2637,-1.931,-0.0187,2.3598,1.2002,0.4325,-0.9153,0.0409,-0.2929,-1.1924,-0.4806,0.6377,-0.2511,-0.0903,0.0101,-1.7161,0.7832,2.278,-0.7738,0.0859,-0.2917,-0.1834,-0.115,-3.0436,-2.4945
75,Shadow Demon,-0.587,0.5859,0.4721,0.7368,-0.2002,-0.1182,-0.7807,1.0309,-0.7328,1.2549,0.4238,-1.6831,1.8705,-2.5519,1.0486,-4.9363,-0.6664,-0.7469,-0.8554,-0.3056,0.2269,-0.9947,0.456,1.4951,0.5818,-0.3034,-0.6049,0.9061,0.6561,1.8444,0.529,-1.1655,1.2419,-0.2262,0.06,0.8257,0.4519,0.045,0.7785,0.9575,-0.433,1.1388,-0.6121,1.1738,-1.1146,1.3083,0.3787,0.3486,-0.6135,-2.4275,-1.4718,0.8503,0.5754,-1.3267,-0.3455,1.1158,-3.0096,-1.0866,0.4538,-1.4323,0.1054,-0.9405,-0.3569,-1.8706,-1.0023,-5.5384,2.7236,0.366,0.1691,-0.709,0.8462,-1.5489,-0.139,0.7678,0,-0.3245,1.1383,-0.4322,1.3759,0.3661,0.567,-1.1777,1.2023,1.0069,-1.1706,0.2099,-0.7047,0.9023,-2.5093,-2.7263,1.3564,1.8526,0.2119,0.5282,-0.825,-1.9748,-0.771,0.6174,-1.8668,-1.3016,1.039,0.323,1.1774,0.1321,0.0818,0.1513,-1.938,0.8225,-0.3646,2.6574
76,Shadow Fiend,-2.5947,-1.0072,-1.6078,-1.463,-1.376,-2.4391,-0.0651,0.4601,2.7415,-0.2317,0.3772,1.7408,-1.4718,1.7845,-1.4301,3.1535,5.8307,0.9882,-2.4916,-1.3357,-0.9299,-1.1925,1.4856,-1.5018,-0.4789,-0.237,0.6815,-0.0998,0.7492,-0.9526,2.8195,1.1437,1.2107,-0.2841,0.6632,0.3104,-1.3834,-0.6397,2.5787,-1.7733,0.8068,0.1372,-2.3474,3.5442,-2.8417,-1.0415,0.3239,-2.0529,5.3868,-0.4954,5.1535,0.7813,0.8638,-0.2903,-2.5608,0.5429,3.4453,3.8438,-2.8125,-0.3126,0.3553,-1.2977,-4.1319,-0.8573,0.354,3.5265,0.3074,1.1627,-2.3225,2.5533,0.8736,0.4471,-0.5283,-1.1855,0.0627,0,-1.2357,-0.108,-0.6852,-1.6978,-0.652,-1.4861,0.6786,-1.5661,-0.2905,0.1648,-2.0247,-1.8716,0.0467,-0.878,-1.5386,0.7893,-0.3329,1.2023,0.1552,-0.9587,1.2537,1.1244,-2.9447,-0.4215,0.6562,-0.7423,-0.6165,-0.4123,2.0071,-0.5465,-0.831,-0.5291,-2.1552,-0.3562
77,Shadow Shaman,0.4998,-0.3864,0.4027,0.3584,0.7007,-0.8085,0.9192,0.0649,-0.5118,-1.1174,1.8217,0.3835,-0.618,-1.6144,-0.8785,-0.9438,0.2532,-0.1116,0.3779,-0.2884,0.2594,-0.0565,-1.7965,0.0762,-0.6126,-0.3202,-1.0309,0.3616,-0.3753,0.0114,0.1978,0.3263,0.607,-0.2627,-0.297,-0.1112,-0.0889,0.6638,-0.9442,-0.8117,-0.0966,0.5816,-0.8276,-1.0534,0.3288,-0.5876,0.4534,0.6084,-0.1718,-0.134,-0.6366,0.4532,0.3577,-1.7263,-1.0529,-0.2881,0.0418,-0.6319,-1.1504,0.7372,0.4772,0.9844,-1.8219,-0.1965,-1.582,-1.3102,0.6106,-0.5549,-0.7655,-0.5396,-0.1606,-1.57,-1.8229,0.2388,-1.0423,1.1947,0,-0.292,-1.8128,-0.4311,0.2641,-1.5659,-0.4429,-0.9936,0.3802,-1.0473,-0.6126,1.7877,1.6768,0.7911,-0.8808,-0.8448,2.204,0.2002,-0.1391,-0.0401,-0.1407,-1.4105,0.365,-0.134,0.0075,-0.2208,0.9596,-0.7091,-1.0335,0.4943,0.3941,0.1623,0.1694,0.8001
78,Silencer,1.5328,-0.0034,0.52,-0.874,0.6265,0.5413,-0.5908,-0.4886,-0.5577,-0.3453,-0.4977,0.3063,2.1813,0.1282,0.3314,-0.2933,-1.9463,0.762,-1.06,-0.7578,0.8175,0.5968,-0.0912,0.792,0.6584,0.4575,0.9667,-0.134,0.5424,1.2505,-1.2293,-0.1203,-0.7006,-0.8659,1.222,-0.6795,1.1446,0.2548,0.3829,-0.2733,-0.2539,0.0292,0.9221,0.193,0.1469,-0.1088,0.335,1.1285,-0.6033,-0.2028,-0.7438,0.4653,1.2038,0.4585,1.4552,0.2854,-0.9193,1.4066,0.0422,0.1724,-0.9493,-0.1332,0.5386,-0.2706,-1.3577,0.4677,-0.0972,0.1912,0.5311,-0.1094,0.0133,1.0307,0.1899,0.9535,0.4373,-0.3084,0.5736,0,1.6149,-0.367,-0.7846,1.5003,2.3188,1.9778,-0.6889,-1.2366,-0.0578,-0.6076,-1.7657,-0.5206,1.6875,1.1642,0.4522,0.8405,-0.3198,-0.6762,-0.4117,-0.7954,-1.5866,0.2717,-0.1022,-0.7374,0.1315,0.1659,0.2301,1.921,0.6483,0.5841,0.0414,-0.2697
79,Skywrath Mage,2.8575,2.0772,-0.9969,1.567,3.3475,-1.4305,-0.8064,-1.0559,0.3714,1.1613,1.7276,-0.2969,-3.0664,2.1631,-0.566,-0.1216,1.2871,1.8354,0.8251,-1.7154,0.9846,-0.7794,-0.3609,-0.5826,0.6531,-0.6876,1.8513,0.5784,-0.3672,-0.2812,-1.0889,1.1666,-3.041,0.3064,0.1306,1.7186,2.2976,1.7729,-1.5398,0.95,0.5112,-0.9579,2.0624,-1.5557,-0.1359,1.2703,0.0382,-0.4472,1.5395,1.6712,3.9046,-0.796,1.3943,0.1536,0.203,-0.8492,1.9812,1.4465,-1.6009,1.6589,-0.1614,-0.6265,-1.333,1.7033,-2.3861,3.3455,-2.2269,-1.0104,0.3038,1.017,-0.7332,0.5803,-0.3971,0.4538,-1.4189,0.2302,1.978,-1.6407,0,-0.0142,-1.5478,2.7079,2.1355,1.4144,1.2182,-1.8312,-0.8033,0.5159,0.4674,2.3524,1.4871,-2.7214,0.6054,-0.1101,0.4615,0.7098,0.4157,-1.6285,0.6511,0.2449,-0.4291,2.7637,1.2469,-0.0792,-0.4878,0.7587,0.4404,-0.56,1.4418,-0.9101
80,Slardar,1.7501,-1.0541,-1.3549,0.5043,1.5966,-1.8558,0.8345,0.7213,1.7212,-0.3611,0.1739,1.4417,1.0897,2.3481,0.93,3.0423,0.7939,0.7014,-0.4009,-1.5137,-1.0949,-0.165,0.135,-1.3858,-0.4917,0.4956,0.3831,0.7353,-0.1265,-1.8736,-0.6182,0.1453,-1.3637,-1.6864,1.5354,2.0578,-0.6529,2.1261,-0.3574,-1.3765,-0.5001,0.1103,-1.0401,1.6522,-1.1649,0.3216,-0.2165,-0.6642,1.8479,-0.0484,3.6784,-0.1174,0.6937,1.741,-0.9316,-1.5137,2.2272,2.2533,-2.2034,1.1333,-0.9212,-0.9693,-1.5702,1.7956,-0.8915,2.2214,-2.0955,1.8843,-2.0851,2.4117,-0.6969,1.8882,-1.6651,-0.6592,-0.4463,1.7175,0.3661,0.2179,-0.2325,0,-0.2738,-1.2537,-0.469,0.7667,0.8301,-1.3737,-1.8342,-1.1416,0.9551,0.1554,1.265,-3.794,-1.8312,0.4729,0.1711,-1.5226,0.826,-0.4048,0.213,-0.2863,0.7395,1.4217,0.2637,0.95,-0.3363,0.4489,-0.146,0.0639,1.2302,-0.6925
81,Slark,0.7676,-0.4461,0.679,-3.1229,1.3858,-0.0645,-0.515,1.0251,0.1784,-0.7349,-0.9859,-0.4062,-2.6682,-3.5884,-1.4425,0.6091,-0.3946,-1.825,1.3674,-0.2783,1.4011,0.8369,-0.2785,1.2336,-1.2197,1.2169,-0.7785,0.8826,0.4584,0.937,-0.0866,0.3031,2.4684,-0.2239,0.9583,-1.7665,1.1744,1.3778,0.8355,0.233,1.1443,-0.4832,-1.2077,0.3427,1.6462,0.298,0.6017,0.7968,-0.6315,0.8444,-3.1178,1.2272,0.953,1.6268,-0.4927,0.939,1.2783,-0.1566,-0.1354,-2.3891,-1.6138,0.7321,0.622,0.808,1.0818,1.5377,1.5228,0.6362,-1.3612,0.6223,0.4703,0.5174,-1.7261,1.0823,-0.6512,0.1496,-0.2955,0.9615,1.7256,-0.042,0,-0.0668,0.4725,-1.5379,-0.6582,-0.6397,0.4264,0.3434,-1.463,2.8328,4.6674,-0.3131,2.0191,0.2966,-0.4405,-0.7741,-0.4536,1.3806,-2.7531,0.73,2.1668,-0.2252,2.7697,1.6514,-1.4587,1.0942,0.5512,0.8746,-1.033,1.068
82,Sniper,-1.7578,-1.3514,-0.2708,3.3135,-1.9495,0.0707,-0.3472,-1.59,-0.8129,1.6787,-0.1976,-1.8614,-2.106,-2.5135,-0.3368,0.8209,-1.2447,-0.7972,0.4807,-0.0405,1.0707,0.9229,0.2868,1.8706,0.0253,-1.8205,-2.3544,1.3133,0.8915,2.7238,-0.6276,-1.9742,-0.1184,2.7973,-1.92,-0.4558,0.9964,0.1095,-1.1056,0.0021,-1.2757,0.1991,1.1559,-0.1811,-1.8168,-1.5344,0.6806,1.2521,-1.4955,-2.5574,-1.9822,0.6514,-3.0358,0.4236,-0.6083,0.9075,-0.2785,-2.3937,1.6587,-0.6387,1.2027,-0.8407,1.9591,-0.1045,0.9798,0.4832,0.8344,2.2489,0.2539,0.6508,1.4131,-1.9427,1.9282,-1.0191,1.2595,0.1931,1.0067,-1.1749,-2.6799,0.3149,0.1067,0,-2.2982,-1.4694,0.5853,3.9059,-1.5491,1.1251,-1.725,-1.5264,-0.9117,1.1392,-2.1867,1.5436,-2.7843,-1.7543,1.2498,0.5497,-1.4523,-0.7453,-2.2857,-1.1839,-0.5815,-1.7297,-1.588,0.6109,-0.0979,-1.3317,-2.0084,-0.4523
83,Spectre,-0.4682,-0.3922,0.0393,1.6036,0.1645,-0.2057,-0.8051,-1.7123,-2.7375,0.2088,0.3526,-0.2062,0.4,0.9851,1.765,0.89,0.1276,0.5683,1.3918,-1.3631,-2.3613,0.7038,-3.026,-1.6836,-0.4848,-0.9839,-1.162,-1.5561,-1.7056,-2.0949,-0.9121,1.2586,-3.6362,-0.7085,0.4833,0.7293,-0.118,1.7715,-1.5121,-0.7575,-0.1555,-1.4093,1.3218,-1.9888,-0.1974,0.0093,-1.0194,-0.6976,-0.8314,-1.1554,1.4931,-2.1593,-2.5726,0.8162,0.2823,0.8168,-0.3866,2.3136,-2.1003,0.6985,0.4463,-0.4148,-0.7086,-0.2593,-1.9353,0.8274,-0.9117,-1.1434,1.1951,-3.0653,0.4489,-1.4423,-1.5264,-0.6145,-1.282,-1.476,0.2638,-2.0653,-1.9613,0.0644,-0.4146,1.9462,0,3.8985,0.8877,1.1528,-2.8778,0.213,-1.4284,-2.3689,-0.7423,-0.4583,0.7866,-0.5512,-0.1371,-0.5133,0.8659,-3.3476,-1.264,-0.4983,-3.0651,0.629,-2.2381,-1.3588,0.4204,1.2436,-1.1579,-1.0167,-0.1653,-0.0887
84,Spirit Breaker,0.5251,2.8875,-1.3566,4.0604,0.0934,-1.4247,-0.4778,0.1206,-2.065,-0.3162,1.8562,-0.6126,2.0833,0.6362,0.5049,-1.5186,3.2642,0.4288,-1.8202,-0.5513,1.2182,1.789,-0.1336,-0.4176,0.8938,-0.5484,-2.8286,0.8326,-1.5577,2.0938,1.8481,0.4168,-3.9216,-0.2778,-0.5306,1.5638,2.446,4.268,0.8843,4.1595,0.8419,0.6174,1.8395,-1.0076,-0.1662,5.0862,-0.4185,-0.8456,0.0704,-2.3624,1.572,-1.4926,-1.3158,2.7679,-0.986,0.0649,-1.7577,-2.5069,2.9895,-0.2299,-0.2463,0.0689,2.9808,2.1534,-0.5945,-1.8894,2.2052,-1.3038,1.4835,-0.9664,0.157,-1.2864,-0.5941,-0.0968,-1.1596,0.9564,1.186,-2.0924,-1.4673,-1.2122,1.643,2.2977,-2.9916,0,0.7323,1.9965,-0.2549,0.2459,-0.6064,1.7814,2.3811,1.6474,-0.3771,-1.2526,4.2282,-0.2149,-0.8002,5.1205,-0.259,-1.2254,-0.3781,1.242,2.3275,1.4322,-0.5544,-0.864,-0.8639,1.1813,1.298,-1.1238
85,Storm Spirit,0.8972,-0.5103,-0.6146,-1.0913,-0.7389,0.1154,-0.6499,1.0773,0.025,0.0262,-0.6861,1.9871,1.4545,0.9254,-0.0664,1.8396,1.8033,-1.8947,1.0625,-0.3034,1.0093,0.9429,-0.4131,-0.2667,0.301,0.4295,-1.2282,-0.4382,0.2578,0.8826,0.8974,-0.095,2.076,-0.3974,0.6831,1.3099,0.6296,2.0681,1.0273,0.1902,-1.7619,0.6831,-0.015,1.2438,-0.0225,0.6794,-0.4937,0.6451,0.7229,-0.6843,-0.462,-0.1322,1.0893,5.5332,-0.1796,1.606,0.14,-0.2008,0.9478,-1.1316,-1.5998,-0.4924,0.8541,-0.0605,-0.1403,1.4482,0.4502,0.984,0.2147,-2.5373,0.2813,2.1741,0.0815,0.1339,1.0848,-0.4675,-0.4061,0.778,-1.2389,-1.3674,0.6626,-0.1804,-0.5215,-0.6721,0,-0.8476,0.9829,0.9788,-0.0384,-0.1913,2.2635,-0.368,-1.1187,1.0317,2.1032,0.5445,1.1954,0.7895,-0.0163,0.1035,0.5433,1.0022,1.3513,0.2595,0.793,1.4923,0.3614,0.8136,0.9899,-0.4769
86,Sven,1.7706,0.094,-1.993,3.9518,0.8089,-0.8924,0.3858,-1.0691,-0.2135,-1.6503,0.0278,-0.2356,-0.6502,-0.8708,1.6886,1.197,2.3108,1.4087,-2.0071,-1.3798,0.6273,0.8561,0.8348,0.032,0.1116,1.9051,1.6013,3.1811,0.0964,-0.7124,-2.0198,0.3708,0.0197,-0.8551,0.1046,3.2466,0.064,2.6348,0.1176,-1.1391,-0.2533,0.9209,0.3917,-0.5256,-0.6437,-0.4773,0.7006,0.2275,1.225,1.3902,0.9417,1.4262,1.7182,0.3724,-1.4503,0.2595,-2.0595,-2.6375,-0.3718,2.2323,1.3239,-0.5062,1.2063,1.2025,2.1388,-0.6247,-1.4604,-0.1886,-1.698,2.7485,1.134,0.8125,1.0283,0.2271,-0.1966,-0.4924,1.0801,1.3863,1.9872,1.2875,0.5733,-3.4455,-1.0864,-1.9837,0.7431,0,0.252,-0.3151,0.9816,-0.5295,1.8378,-2.0594,-1.5984,1.215,1.1073,2.0075,-0.2008,0.1798,0.3598,0.0181,-0.3113,1.399,3.039,-0.518,0.0446,0.0742,0.6826,0.1624,-0.0519,-1.9703
87,Techies,-0.8941,0.6516,0.3462,-1.9717,1.1739,0.4906,-0.0996,1.2742,-2.0702,-0.1681,-0.4969,-0.0221,-0.431,-2.5795,-1.3139,-4.3588,-1.4786,0.1109,1.2861,0.4022,-1.7466,-1.8366,-0.612,-0.813,-0.0602,-0.3956,0.6198,-0.8599,-0.3414,-0.7753,-0.5391,1.047,0.9664,-0.2537,-0.4576,-0.7717,2.371,-1.3556,0.5497,-0.4387,0.5981,-0.4072,-0.4923,-1.4335,1.2194,-0.5895,0.8453,0.5516,-2.3215,-1.1529,-3.4733,-1.7239,2.8663,-6.4898,1.2234,0.6047,-1.9104,0.4946,-0.1839,-0.253,-0.9802,-0.2931,-0.3394,0.3718,-0.6758,-2.8459,1.6509,-1.3034,0.705,0.9136,-0.3391,1.0114,-0.6677,0.7246,0.0482,0.311,-0.2961,-0.1173,0.7533,0.6542,-0.9245,1.7454,2.7489,0.4967,-1.3091,-0.9984,0,0.5123,0.6891,-0.1229,-1.2375,1.6998,2.636,-0.0734,0.072,1.6085,-1.6867,0.5289,-0.2071,-0.8974,0.8165,0.6511,0.4827,-1.7951,1.1754,2.5217,0.6343,0.2028,0.7124,0.2682
88,Templar Assassin,-0.6961,-1.6886,0.0906,0.777,1.3474,-1.1716,2.6649,2.0516,9.5708,-2.9429,-2.1092,2.3032,-1.0311,4.7072,0.3464,0.2423,9.0062,1.4472,-1.23,-1.2826,-2.5026,0.6244,-0.9277,0.2453,1.5183,0.5812,0.8161,-0.8051,-1.508,-1.7285,-1.5401,3.3665,2.2539,-1.1043,-0.5842,0.4697,-1.3849,2.157,0.9568,-3.0485,0.6882,-1.392,-1.1317,4.9684,-1.9596,-0.3327,-0.0234,0.7045,9.4584,0.8688,4.9716,-0.4632,1.1978,0.5841,-1.4116,-0.5482,4.2278,5.643,-2.2806,0.835,-1.0462,0.5645,-2.7246,2.6487,0.0149,-0.4743,0.6619,-0.1946,-1.9352,0.9177,-0.6337,-0.9382,-4.8235,-0.0082,-1.0258,1.9251,-1.8038,0.3389,-0.7749,1.1257,-0.7302,-2.2561,-0.9099,-0.7173,-1.5221,0.0972,-2.0848,0,1.2813,1.1903,-1.7789,-1.8417,-1.1328,0.815,2.7464,-0.2794,-0.3408,-1.5234,-1.5619,2.2122,0.9706,0.6317,5.4247,-0.1627,-3.3083,0.9909,0.7332,-0.9772,0.8171,-2.4744
89,Terrorblade,-0.1759,0.2546,-1.8575,-2.2856,-0.8898,0.0489,-0.3598,4.1783,0.9548,-0.1165,1.4834,2.0321,1.3967,2.4816,0.2961,3.1355,1.4768,-0.1266,-1.5349,0.5017,3.8076,-0.3652,0.746,-0.3791,1.7089,2.7042,0.2191,-0.7286,-1.3815,-1.5582,0.8031,1.6289,1.1043,0.4863,2.4118,0.1464,-2.7954,-0.2334,1.9641,-2.9236,-1.1198,-0.5869,-2.1614,0.7462,-0.3382,-4.447,-0.4402,-1.4202,1.7193,0.4316,0.7145,-1.1343,-0.7045,1.5587,-2.6865,-1.9473,3.3536,-0.9881,-2.5367,-0.0008,-2.7672,0.3405,-2.2882,-1.2772,-1.0783,4.0345,0.7785,-2.2384,-1.182,-0.7272,-0.8017,0.9105,-1.5923,-2.3136,2.3596,-0.0178,-1.7158,1.609,-0.6738,-0.9506,0.917,0.036,0.6056,0.1499,-0.5056,-1.1205,-2.176,-1.2965,0,1.8214,-0.8216,-1.8495,-1.3379,-1.1709,1.2145,1.2642,-0.3673,-0.1285,-2.1068,-0.7782,4.075,1.6701,-1.9179,1.5838,0.4679,0.8121,0.8214,0.2269,-1.5523,-2.9601
90,Tidehunter,0.3649,-0.8398,-1.7912,-1.4937,1.3189,2.2326,-0.5768,0.8507,-1.9445,0.3102,0.4183,1.7707,0.1144,1.0145,0.5602,1.1538,-3.1622,-1.0806,-1.8532,0.7817,2.7132,-1.8277,-0.5917,-1.4003,-0.9258,0.4939,0.7299,0.6567,0.9427,2.3534,2.0174,1.1098,0.1776,0.3247,1.5025,1.3173,1.455,-1.7976,0.9536,-1.2494,0.3785,1.2545,1.7499,1.5987,0.285,-2.0232,2.2585,0.2639,1.6403,0.6113,-1.1768,0.5562,0.2614,-0.6265,-0.8676,0.9923,0.1297,0.4219,-1.1961,-0.3323,1.0062,-1.1124,-2.6536,-1.881,0.7768,2.2199,-0.3425,1.0544,-0.5157,0.3922,1.0619,-0.1582,-1.27,-1.0082,2.7076,0.6272,-0.4807,0.4879,-2.3397,-0.2282,-2.6193,1.3708,2.3396,-1.8598,0.1155,0.5962,-0.3907,-1.3346,-1.8755,0,0.4239,4.0371,4.1208,0.4951,-1.0737,1.1563,-0.4354,-1.6071,-0.5549,-1.6281,-1.4084,-1.6805,-3.1263,1.6965,1.1561,0.4468,0.4368,-0.5135,-2.6405,1.9778
91,Timbersaw,1.421,4.1119,2.7552,1.5212,0.2441,0.0732,3.3644,0.2136,0.4891,-0.0099,0.5344,2.1336,0.6237,1.9757,-1.572,-2.2994,7.6143,4.0526,0.3637,0.8718,1.2242,-0.4074,1.8874,-0.3801,0.752,-2.4191,1.1813,1.0315,-1.7391,0.7253,0.3968,1.0486,-0.1436,-1.7592,0.1255,1.2182,-0.3403,4.9368,-0.1349,0.3432,1.0701,0.7567,-1.8427,13.3476,0.3626,0.3293,-0.7594,-2.0108,6.6182,1.1394,2.3918,-1.0517,-0.6917,3.9403,-0.7577,0.2362,0.7942,6.548,-0.3402,-2.0833,-1.722,-2.5632,0.1422,2.341,1.8186,-3.2336,-0.3214,4.7676,-1.645,2.0971,-1.2703,0.5022,-1.9823,-0.3063,-1.3524,1.3536,0.9994,-1.6916,-1.5093,-1.3838,-4.4129,0.6058,0.7503,-2.4562,-2.2705,-1.7513,0.4044,1.6928,0.7434,-0.4124,0,0.5645,1.0375,2.3911,-0.8417,-1.4594,0.4902,0.8557,2.7578,-2.1224,1.8957,0.0253,4.985,-0.3034,-1.4267,2.3592,-0.1607,-0.4491,-3.4205,-0.8666
92,Tinker,-0.5349,-0.734,1.1749,0.2847,2.6462,-3.9643,2.0484,2.9764,-3.9016,1.5655,1.9522,-2.715,-2.1155,-3.5427,-2.622,-4.5625,2.1253,2.4338,-1.2927,-0.2717,-2.0052,-1.2492,3.4545,-0.6822,1.7787,-1.6843,1.3151,1.0422,-0.9604,-1.2145,1.9564,1.0384,-0.6439,2.1849,0.6289,0.5624,1.1007,1.9429,-0.6828,2.1091,2.5688,-0.2562,-0.2458,2.0998,-0.6961,2.8543,2.0152,0.2928,-1.5198,0.9399,-3.6576,-0.5238,0.9827,-3.7525,-0.1525,-0.9125,-2.6535,-1.2224,1.2334,0.3034,2.4324,1.2637,-1.4667,0.0857,2.4273,-5.3543,-0.1335,1.5998,0.7958,4.1615,1.9857,-0.596,-2.0367,0.3703,-2.2109,-1.9804,0.5817,-1.0131,3.4324,3.5996,0.3271,-0.9701,0.4555,-1.331,0.5043,2.082,-1.7833,1.2174,1.1672,-4.5593,-0.7607,0,1.7706,0.8059,-1.7897,-1.7256,-0.8061,-2.367,1.4683,-0.1589,-0.5673,-0.887,0.5096,-1.2429,0.9127,0.463,-4.9046,-0.1391,-0.6295,1.5212
93,Tiny,-0.9048,1.3504,-0.9177,2.8521,3.655,-1.8537,1.3038,2.6518,-1.0799,-1.3408,-0.3984,0.32,0.5225,0.471,0.9338,0.7988,1.797,0.6991,1.7734,-1.2878,-1.0556,-1.7119,-0.1774,-1.8361,1.4777,0.5508,-1.731,-0.2897,-0.9515,-0.8199,0.3061,-0.2097,-1.2043,-0.9459,-0.5452,1.2143,0.4067,-0.2774,-1.2087,0.5941,-1.5883,-0.7128,0.3125,-1.165,-1.8272,1.7368,0.7149,-0.6771,-0.6516,-1.1306,-0.046,-0.7779,1.6488,1.9971,-1.5351,-0.7102,1.0457,-1.0228,-1.4157,1.4234,2.6377,-0.0768,-1.6916,2.0041,-1.5553,1.2971,-1.7907,0.5822,0.9669,2.0885,0.8199,0.2867,-2.3759,-0.162,-0.0508,0.0953,-2.264,-0.0574,-0.271,1.9074,-1.9986,1.2698,-0.8458,0.8292,1.2257,1.7873,-3.0765,0.9971,1.2086,-4.1171,-0.9151,-1.8919,0,0.6768,1.1805,-1.0954,1.8025,-0.5793,-0.2567,-1.3939,-0.9833,1.0456,1.9627,-0.2601,0.5707,-1.1616,-1.273,-0.3168,0.2726,0.1405
94,Treant Protector,-1.0867,-0.4991,-0.7812,-1.7412,-2.1721,-2.1343,-0.0191,0.6009,-0.7359,-1.4076,-0.9035,-0.1742,1.8588,-2.7087,0.1893,-0.3423,-2.9116,-0.5367,0.4022,-0.6385,-0.2814,0.276,1.1982,0.0646,0.1046,-0.1554,-0.7533,-1.3241,-0.1225,-0.3848,0.1981,0.8286,0.3395,-1.699,-0.5548,1.0702,-0.4949,-3.0231,0.5529,-0.5153,-1.1084,-0.1345,-1.3487,-0.4453,-0.2414,2.8334,-0.3665,0.0497,-2.6993,-1.1135,-1.2261,-0.1261,0.0501,-2.6779,-1.5232,-1.5585,-2.0193,-0.9601,0.9328,-0.5928,-1.0806,0.4359,-0.0563,-1.2855,0.2034,-1.6328,1.4655,-0.479,-2.0182,-1.3296,0.1503,0.6894,-2.3872,0.3093,-0.3956,-1.2413,-0.25,-0.6088,0.2688,-0.4004,-0.472,-2.5237,0.0327,1.2898,-1.2182,-1.2143,-1.2777,-0.8399,1.2326,-0.2453,-2.288,-1.3506,-0.7687,0,0.9855,-2.0227,-0.2023,1.5906,-2.0315,-0.3216,0.9474,2.1642,-0.1049,0.4583,-0.1255,0.0649,-0.2436,0.5378,0.523,-0.2869
95,Troll Warlord,0.0313,0.5572,0.9104,0.7318,-1.3121,-0.1323,-0.2042,0.4251,1.3585,0.2483,0.3337,0.0437,0.1258,1.2791,-1.381,1.8583,-1.0966,0.0479,-1.1544,0.6259,0.9575,0.4986,2.5232,0.4958,0.7719,-1.093,0.5863,0.2612,0.3723,0.5167,0.2811,0.564,0.8566,0.5465,1.7808,0.6452,1.2538,-1.3138,2.7323,1.0834,0.8085,0.1173,-0.0907,1.6477,-0.0045,0.0686,2.1528,0.2031,1.3524,-0.0563,0.2323,0.8149,0.2818,1.4338,-0.7118,-0.6809,1.2407,0.7181,0.173,-0.447,-1.1505,-1.0934,-0.3551,0.7643,1.9504,3.1746,1.8746,-1.9136,0.1897,0.0618,-0.8003,1.4816,0.0994,1.4904,0.8706,-0.2197,0.5571,0.2319,-0.5058,-0.0561,0.4998,2.4537,0.4713,-4.1757,-1.964,-0.8719,-0.4884,-2.6015,-0.9877,1.0529,0.8772,1.6714,-0.5885,-0.3874,0,-0.958,-0.2192,1.7432,1.1557,0.5484,-0.155,-0.0093,1.6741,0.6509,0.0086,1.6392,0.4108,1.5324,-1.7672,-1.2695
96,Tusk,-0.737,-2.1727,-0.1099,-2.7787,-0.8269,3.2324,0.7441,0.8025,1.1536,-0.6122,0.2524,1.4864,1.6372,-0.3216,1.8622,0.8329,-1.3337,-0.8699,-0.5705,2.3362,-0.2599,0.261,-0.7338,-0.4687,-1.0831,0.352,-0.2414,-2.5636,0.6358,-0.3003,-1.6205,0.4457,0.9627,-0.9987,1.4108,-2.8252,0.6036,-1.6308,1.201,-1.6666,-0.9765,-0.1238,-1.2393,2.0191,1.051,-2.9258,1.3936,1.9066,-0.874,-0.4049,-2.4887,0.0823,-1.5018,-1.0388,1.0153,-0.4251,0.3048,1.577,0.0249,0.5258,-0.5977,1.9898,-0.7713,-0.118,-0.0317,0.8306,-1.8988,-1.5117,-0.0153,-0.573,-0.3038,0.1481,-2.0089,0.5364,1.9686,0.7944,0.1821,0.6827,-0.7409,1.4835,0.682,1.2505,0.4971,0.071,-0.6858,-1.9472,-2.1321,0.14,-1.3616,-1.1535,1.4541,1.4472,1.1745,2.1264,1.0827,0,-0.0255,-0.0572,-1.3459,0.324,-0.7987,1.1298,-1.1045,-0.7019,-0.3637,2.5736,1.9253,1.2838,0.0176,-0.0187
97,Undying,-0.4677,-1.6734,-0.9609,-0.3975,-2.563,-1.0284,-0.9101,0.3893,-2.1839,-1.6101,-1.9326,0.4368,0.0057,-0.6216,0.5718,1.4633,-1.3008,-1.4537,0.0973,-1.6253,-0.9133,0.9608,-0.6244,0.4605,-0.0897,1.0499,-1.9206,-2.1627,-0.5964,-0.4752,0.1462,1.0135,0.4549,-0.8039,-0.255,0.3723,-2.1547,0.5852,0.9943,-1.7592,-2.1131,-0.9425,-1.1955,0.3933,-0.6281,-0.0908,-0.7647,-0.4853,-1.6274,-0.0936,0.436,-0.0968,-1.0498,0.3849,-1.8656,-0.3351,0.2394,-0.9433,-1.1899,-0.3473,-1.4747,-0.1857,-0.8227,-1.631,-0.2592,0.9761,0.0196,-0.2199,-3.2532,-1.4996,-0.2987,-0.5122,-1.6174,-0.7443,0.5178,-1.201,-0.2366,0.1097,-0.7817,-0.837,-0.2702,-2.9152,-1.8808,0.1165,-1.9661,-0.1517,-0.6783,0.3532,0.3379,0.2872,-0.6841,-0.4416,-2.1236,0.0478,0.4134,-0.1769,0,-0.5795,-1.0055,-0.2403,-0.221,0.3045,1.3051,-0.9054,0.1597,-1.1045,0.5563,0.033,-0.5811,-1.1086
98,Ursa,-2.6622,1.0898,1.192,3.7056,0.4814,-1.1167,-1.3698,0.6915,-0.909,1.5223,1.545,-0.4984,-1.0989,0.7674,-2.7662,-1.8833,2.0291,1.9893,-1.1068,-1.2635,1.2451,-0.9443,-1.457,-0.1407,-0.2053,-2.0944,2.3265,-0.5075,0.0108,1.0433,3.3889,0.5807,0.761,2.2288,2.2832,0.1082,0.8042,0.451,-0.4953,0.6856,-0.4682,0.6869,0.9299,-1.3086,0.2167,-0.1965,1.4539,-0.9254,1.7506,1.5889,1.0774,-0.0521,2.9455,-0.0812,-0.0041,-0.2154,0.1469,2.3376,-0.8496,-1.0944,-1.6826,-2.0519,-3.3708,-2.0208,0.5352,0.4391,0.9667,-0.6894,-1.7151,2.343,0.1888,0.1137,1.0765,0.472,-0.5627,-1.3385,1.6176,0.7395,1.4995,0.4039,-1.2353,-0.3002,3.1743,-5.069,-0.8277,-0.067,-0.9623,1.5007,0.1717,1.5822,-0.8016,2.072,0.8413,-1.1387,-1.7667,0.0841,0.5648,0,-0.6195,-0.8557,0.9548,-0.1835,0.4923,-1.0294,1.5519,1.2347,-1.4163,0.3189,-2.8408,-0.7762
99,Vengeful Spirit,-0.5107,-0.6963,-0.3865,-0.3997,-0.6762,0.4594,-0.0295,0.6255,0.2406,0.4779,0.0627,1.5166,2.6378,1.5307,0.3277,2.7474,-2.5395,-0.3219,-1.1552,1.2675,0.667,-0.0553,0.9695,-0.2797,-0.2353,0.2658,1.2944,-1.0953,1.0551,0.4906,-0.7633,-1.0792,0.4375,0.2575,0.5251,-1.0771,2.0706,-0.716,0.7564,-1.2167,0.044,-0.215,-0.1219,-0.8098,0.6027,-1.7744,1.4356,2.4261,-2.6942,-0.8444,-0.9198,-0.1989,-1.0466,-2.2315,0.7243,-1.4686,1.6069,1.0129,-0.7958,0.8179,0.3036,1.744,-0.8216,-0.9271,1.3639,4.1308,-1.2854,-0.663,-0.6675,-1.7266,0.0674,0.9072,0.7791,-0.1921,1.7072,2.1854,-0.4116,1.6081,-0.7287,-0.8967,2.7531,1.8874,1.5972,0.2871,0.0101,-0.4981,0.229,0.6985,1.492,0.3811,-3.1345,-1.1407,0.342,1.7881,-1.5592,1.0335,-0.0281,0.3965,0,0.5844,1.3111,0.8653,-1.5903,-0.6585,1.8652,3.387,0.689,0.5106,1.0559,-1.1312
100,Venomancer,-0.0578,-0.0213,-0.4392,-0.1527,-1.1584,0.5658,0.175,-0.6768,-0.1712,-0.1403,0.7657,0.5069,0.7698,-0.7403,-0.4436,1.4954,-3.9477,-0.5167,0.6477,0.0647,1.3947,-0.8019,-1.0744,0.1658,0.2438,0.4105,0.4675,0.678,0.9835,-0.0551,0.3016,-0.6118,-0.3612,1.029,1.1639,-0.6133,1.2939,-3.5468,0.3575,-0.1661,-0.7718,1.3603,-0.4901,0.4741,0.7027,-0.1214,0.1852,0.6604,-1.588,0.3059,-0.4823,1.8162,1.2576,0.1784,0.3811,0.0245,1.484,0.3469,0.0382,-0.2896,-0.5864,0.0348,-0.8391,-1.3337,0.7551,2.7635,0.5904,0.1128,-0.396,-1.4455,0.9272,0.7964,-0.5732,0.0621,1.2934,0.0127,0.3521,-0.2744,-0.247,0.1135,-0.6345,0.893,0.7324,1.1415,-0.1212,0.0401,0.4591,-2.5401,0.6219,1.6443,2.1258,0.2698,1.6099,0.4823,-0.5887,-0.3477,-0.1,0.8562,-0.6799,0,0.4559,0.4923,-1.6236,-0.219,-0.6236,1.2248,0.145,0.289,-0.4606,0.5093
101,Viper,0.4947,1.1499,0.3875,2.9359,-1.4483,-2.7747,-0.9714,-3.137,0.108,0.1058,0.1786,1.4791,-0.5822,0.5378,-0.2911,-0.0069,-3.2283,1.0287,0.9219,0.2567,1.033,-0.9697,-0.2867,0.3287,0.5891,-0.4103,1.1946,-1.9953,-0.5512,-0.5299,0.0952,0.6642,1.1973,0.1184,-0.0681,4.0138,0.9786,-1.79,-0.2646,1.2664,-1.8073,-0.3282,1.6484,-0.3391,-0.6505,0.6388,0.6494,-0.3521,0.0425,-0.5039,1.0215,-0.4661,0.3359,-1.7145,-1.0613,0.5478,0.992,2.7145,-0.1456,-1.0397,-1.2802,-0.1069,-0.5705,-0.4975,0.5123,1.3973,0.3518,-1.6815,1.5236,0.3034,0.0564,-0.6013,-0.7349,1.8954,-0.9649,-0.9174,0.3495,0.0972,0.3887,-0.7665,-1.9156,2.1857,3.067,0.2309,-0.5198,0.4406,-1.003,-1.0649,-4.0448,1.4027,-1.8121,0.6794,1.2926,-0.521,0.1451,0.8347,0.1458,-0.9677,-1.3885,-0.437,0,2.0639,-3.7053,0.6946,0.0328,1.4634,-0.8233,1.0688,0.5758,1.0202
102,Visage,0.1898,-2.9133,0.314,0.3223,-0.0555,-0.4941,-0.2659,-1.8895,-1.3456,-0.5792,-0.434,1.4336,0.2406,-0.1235,-1.1503,3.4611,1.0058,-0.8105,-1.4847,0.6227,0.0078,0.8443,-0.9787,-0.9712,-1.4106,-1.0901,0.0122,-1.3816,-0.9658,0.2233,-0.5942,0.9241,0.3353,-0.9547,0.2837,0.5865,0.9188,-1.0784,-0.3759,0.3552,0.5112,0.7167,0.7112,-0.8885,0.5159,0.9037,-0.2764,-0.5891,-1.6475,-1.6186,0.3748,-0.7464,0.0773,1.7468,-0.0442,0.0626,1.5018,2.0673,-0.4491,-1.1415,-1.7308,-0.0223,0.3759,-1.0295,-0.9042,2.8251,0.2698,-0.7658,-0.077,-1.5144,-0.7135,-2.0026,-0.5846,-0.753,-0.3181,0.5766,0.2958,0.7992,-2.7705,-1.5444,0.1203,0.6173,-0.6241,-1.3314,-1.1424,-1.3806,-1.398,-0.8027,-1.841,1.7494,-0.0182,0.6037,-0.9132,-2.0205,0.1647,-1.1306,-0.5625,0.2635,-1.1785,-0.4891,-2.0232,0,-1.7014,0.6156,0.6672,1.7682,0.6352,1.6556,-0.2939,-2.0616
103,Warlock,-1.3688,-0.8333,-2.4345,-0.009,0.0624,0.9934,3.5193,-1.5289,9.8421,-1.0799,-1.1841,4.8684,1.8673,8.7149,-0.1425,3.9029,6.1953,1.6591,-0.286,-1.6906,-3.6312,-1.4885,1.8201,-3.7869,0.1391,-0.1481,1.8492,-1.13,-2.8019,-3.3631,-0.066,5.5014,1.651,-1.7657,3.0697,2.8186,-2.7267,-5.0844,2.2704,-2.999,-0.8632,-3.0394,-2.0292,8.1783,-2.0318,-0.8853,-0.4256,-2.67,12.2209,3.0159,9.1173,-3.3957,0.9115,-0.7542,-2.7567,-3.2901,4.4028,7.4155,-3.2248,0.2847,-1.7188,-0.6809,-3.3292,-1.5951,-1.0611,4.5161,-2.6779,-1.0077,-4.9388,4.4919,-0.7126,1.0617,-3.2774,-2.32,-1.578,0.5636,-1.3033,-0.8094,-1.8796,-0.4209,-3.2963,-1.4875,0.8006,-3.1167,-2.2646,-3.3202,-2.6214,-5.2893,1.7191,2.4266,-5.1494,-1.7281,-2.2984,-0.0823,-1.8633,0.5636,-1.2239,-0.8236,0.004,0.7742,2.9542,1.1396,0,-0.2148,-0.0876,1.1749,-2.7131,-2.1014,-1.9313,-3.2522
104,Weaver,0.1041,1.1345,0.8354,0.7908,1.2515,-0.7972,-0.9388,-0.4408,-0.8226,0.1052,1.2665,0.1062,1.817,1.5874,-1.2614,-1.9514,-0.0206,1.5007,-1.7548,-0.1878,-0.6923,-1.239,0.63,-0.5056,-0.4562,-1.2204,1.8038,-1.0238,0.4228,0.5759,2.9145,0.6706,-2.4813,1.0474,0.3485,1.7035,2.1816,1.8259,0.0839,2.2653,1.139,0.9046,2.4996,0.2317,2.4314,0.9874,1.2352,0.3169,-0.0605,-0.9348,0.7193,0.9687,1.4714,-2.8536,0.493,0.0115,-2.1706,2.5974,-1.6479,0.0163,0.5178,-2.5154,-0.4497,-1.2018,-1.2575,1.0929,1.3491,-0.9083,0.3111,-0.3012,0.4168,-0.698,1.182,1.3536,0.084,0.2821,1.3228,-0.0878,0.1828,-0.8135,-1.1332,2.4241,2.0465,-1.3571,-0.0018,0.8371,1.6645,0.2379,-1.344,-1.5496,0.4951,1.6681,0.9497,0.2701,-0.6771,0.8631,1.0486,1.07,0.6591,0.3487,-0.6268,-0.291,-0.1763,0,2.0264,1.8708,-0.6302,-0.5818,-0.7433,0.0199
105,Windranger,-0.181,1.4311,-1.2118,0.3305,-0.49,1.4303,-0.2623,-3.0694,-0.0385,1.859,1.5355,-2.995,1.5469,1.7505,0.2988,-0.5161,-0.9016,0.8789,-0.0218,-0.1676,-0.6062,0.038,-2.0281,0.9767,-0.9083,1.0335,1.274,-0.3258,0.7843,-0.3716,0.1253,-0.4909,-0.7717,4.1171,0.3701,-0.8787,-0.2073,1.563,-0.6744,-1.628,-0.4365,-1.2226,1.0579,-0.7918,-1.5366,-2.587,-0.4665,0.3061,0.5807,1.2081,-0.9819,0.3911,-0.8046,-0.3402,1.2858,-0.1163,0.5268,1.4476,-0.1296,0.7013,1.3165,-0.5324,-3.2747,-2.436,0.0858,0.698,-1.3318,0.423,-3.0099,-2.009,0.0228,-1.1086,0.6281,-0.1156,-0.0722,-2.4791,1.0773,-0.1345,0.5472,0.1957,1.3572,1.0476,-0.3749,0.5578,-0.8599,-0.0467,-1.6681,3.2405,-0.7106,-1.1322,1.4789,-0.9684,-0.4635,0.1377,0.1674,0.3843,-0.5989,-1.5412,-1.9745,0.6868,0.1084,-0.6949,-0.5515,-1.7721,0,0.149,-0.5491,-1.2565,-0.5544,1.2142
106,Winter Wyvern,-0.7476,0.7991,-0.1397,-0.6418,0.4733,0.7877,0.1566,-0.4102,0.124,-0.076,0.356,-0.5908,0.4538,-1.4002,2.4733,0.5038,-3.5962,0.0571,1.8019,-0.6722,0.1072,-0.0538,-0.1495,0.6995,0.6901,0.1238,-1.3422,0.3642,-0.1804,0.6091,0.5688,-2.2476,-0.0067,0.2531,-0.6824,-3.3365,-0.6215,-4.2166,-0.9254,-1.1813,1.1364,0.4581,-1.0147,-1.0283,0.2539,-2.3041,-0.0086,0.4357,-0.779,0.34,-1.4461,0.2042,0.9237,-2.6816,0.4113,2.0914,0.9512,-0.2829,-0.7991,0.4112,1.4132,0.6973,-1.454,-0.8278,-1.4431,0.3714,0.1906,0.6689,-1.6556,0.4773,0.9054,-0.0193,-1.5056,0.4035,0.7222,0.7062,-0.3127,-0.7126,0.5622,-0.2744,-0.5364,-1.0001,-1.0747,2.609,-0.718,0.6328,-2.5128,-1.243,-1.042,0.6375,-1.7599,-0.1822,1.5513,-0.1739,-0.4121,-2.1753,0.6611,-0.1604,-2.6056,-0.1856,-0.218,-1.3991,-2.1128,0.0028,0.5289,0,0.3892,-0.7522,-0.5957,0.9544
107,Witch Doctor,-0.7374,0.488,1.584,1.873,-0.0684,-0.2346,0.6079,1.6515,-0.4953,-1.9354,0.4695,-0.6968,-0.2898,0.7774,-0.2969,-2.1948,0.3714,0.1761,1.4031,-0.9535,1.9842,0.2507,1.0692,-1.4183,-0.048,-0.4294,-1.9739,0.1647,-0.7423,-0.547,1.3492,1.1629,-0.2482,-1.3346,1.1694,0.4588,-1.7357,-2.186,0.5052,-1.6921,0.1255,-1.1719,-3.9648,3.0228,0.2353,-2.3136,-0.5384,-1.0683,2.8842,1.1713,1.0152,-1.3393,-0.1465,-5.9336,-1.9864,0.3029,0.136,1.6623,-0.4193,-1.4412,0.0003,-0.5565,-1.6325,-1.6486,2.031,1.1178,0.7561,-0.3402,-1.3753,2.5765,0.9534,0.2661,-2.9202,0.1441,1.6559,0.845,-0.5174,-0.9463,-0.8582,0.1191,-1.0294,-1.2804,0.4347,0.2195,-0.9686,-0.8985,-2.6895,-0.7209,-0.7903,-0.6453,-0.0572,3.3601,0.9029,0.2588,-0.4019,-2.0289,-0.4994,1.2875,-1.5981,-0.4915,0.6387,-0.7753,2.7237,0.5777,0.2379,-0.3344,0,-1.7047,-2.5137,0.0669
108,Wraith King,0.1255,0.0016,0.9284,-0.5775,0.9883,-1.9429,-0.7665,-0.5699,-0.8714,-0.1454,0.3884,0.6642,-0.4206,1.7932,-1.9318,-0.9288,-0.1713,0.9461,-0.3828,-1.7105,-1.2673,-0.8999,-0.2157,0.5423,-1.0765,-1.0398,0.8898,0.6728,0.0663,0.5476,1.0311,-0.8079,-1.1984,1.6117,-0.5778,-1.2247,0.8766,0.0765,-0.2343,0.1244,0.7182,0.2255,-0.3723,-0.4134,0.0981,-0.367,-0.3253,0.2338,-0.7322,0.1866,-0.0397,-0.1073,0.463,0.0814,0.4988,0.747,0.323,2.1345,-1.6173,-1.2458,-0.0698,-1.3312,-0.214,0.9022,-0.3212,1.3378,0.7777,1.1142,-0.5668,-0.923,-0.3331,-1.2157,1.0978,0.1202,-0.8365,0.2311,-0.0496,-0.5377,0.5823,-0.2203,-0.8712,0.9639,0.9878,-1.2178,-0.8742,-0.1501,-0.7835,0.8018,-0.413,0.564,0.4594,0.0349,0.4436,-0.4606,-1.517,-1.3119,-0.3823,-0.2837,-0.6627,-0.2704,-1.0251,-1.6815,1.6582,0.9354,1.2504,1.4085,1.4966,0,-1.2524,-0.9315
109,Zeus,0.5812,1.2865,-0.002,5.9059,0.5977,-0.8295,-0.3135,-0.096,3.4682,-2.3722,0.771,1.3168,0.4018,2.2518,-2.0686,1.7659,-0.2286,-1.362,-0.9084,0.5143,2.5128,1.8684,0.4209,-0.926,-0.5617,-0.1816,-0.7256,-0.8407,-0.2508,-0.5446,-0.304,-0.3468,-0.4534,0.0782,-1.0961,-1.7011,5.5245,1.6676,0.7133,0.9112,4.5632,-0.7835,-0.5196,-1.2441,0.377,0.8695,0.1796,2.5118,-0.0203,-2.0129,0.5486,-0.6248,1.7058,2.1445,0.5244,0.9013,2.2515,0.6644,-0.6577,-0.6695,2.0658,0.3114,1.962,0.4727,2.3594,7.5701,1.0996,-1.8788,-0.2664,-0.0626,-0.8879,0.0981,1.3643,2.6311,-0.0752,1.1142,-0.4018,-0.285,-1.727,-2.3195,0.9592,2.6258,0.4982,-1.4051,-1.0914,-0.2587,-0.4382,-2.1833,0.6084,2.4578,3.2231,0.8587,-0.2989,-1.1115,1.4498,-0.5531,-0.8425,2.6103,-1.1036,0.2126,-0.9979,-0.2186,0.3534,0.7142,0.2453,1.5918,1.5219,0.95,0,-2.4513
