0,1.7724,1.3776,3.674,-0.4583,0.0791,-0.472,-1.6753,1.7539,0.3421,-0.9948,1.7528,1.6045,3.4611,-1.5348,-0.7591,2.3382,0.4751,-0.6509,-0.2853,1.6793,0.4269,-0.1088,-0.6337,0.7116,-0.8926,1.2012,-1.0351,1.0476,0.0914,1.763,1.1364,-0.6097,1.7329,-0.4617,0.8735,3.3297,1.946,1.0121,0.2787,1.7139,1.3963,1.4063,2.3337,0.0129,-0.8793,2.8181,0.8417,1.2665,-0.9367,3.4585,0.7134,1.0777,1.8572,0.0043,0.3549,-0.7843,4.8384,0.1863,-0.5676,-0.0557,-1.1401,0.6182,1.8188,3.2464,2.6103,1.4341,-0.575,-0.1921,-0.2652,0.8493,-0.072,1.8429,0.703,1.0327,1.1004,0.7987,0.2066,-1.7963,-2.2993,-1.827,-0.3073,2.8863,1.7443,-0.5633,-0.1873,-0.4031,0.4671,1.3661,0.8224,0.462,-0.651,1.6928,1.2458,1.1808,0.7924,0.7254,0.9283,2.8737,0.1149,-0.4268,-0.6492,0.5397,-0.5375,0.591,1.7655,1.9995,0.9148,0.3382,-0.2753,-0.6596
-1.3429,0,1.9917,-0.8137,-0.3194,-0.8331,0.2165,0.3393,-0.4618,0.5007,1.4116,0.4513,0.1552,-1.0948,-0.9519,0.8995,0.7718,1.576,-0.8703,1.2676,-0.656,0.7469,0.8599,-0.8138,-0.6722,0.3661,0.0738,-0.6369,-1.8457,-3.0645,0.0695,0.4149,-1.7794,-1.7565,0.608,2.2417,-0.8903,1.7099,-0.7698,0.0579,-0.2248,-1.5355,0.8359,1.4975,0.993,2.183,0.3186,-0.1816,-0.042,0.1355,0.2997,-1.3,-2.618,1.2845,-2.5186,1.918,-2.3061,-0.1602,-0.8941,0.6443,0.8331,-0.4545,-0.1681,-1.1809,-0.1891,0.594,-1.4177,-2.0038,-1.1214,-0.4834,-1.0473,0.5577,-0.4388,-1.6199,-0.368,-1.1143,1.0105,0.6278,0.2439,-1.8787,0.4239,0.3027,0.9635,0.0097,-2.555,0.5607,0.1683,-0.5327,1.2668,-1.0617,1.6646,-2.6574,0.7552,-1.4951,-0.2404,0.9914,2.1788,1.0884,-0.6441,1.0459,-0.4277,-0.4693,2.4697,0.9932,-0.4082,-0.825,-0.1022,-1.4268,0.0948,-1.4024,-1.7383
-1.2817,-1.4116,0,4.2941,4.2283,-1.7085,1.5268,0.9729,4.0749,-1.1612,1.0419,3.2984,-2.6731,3.3363,0.4568,-0.3915,2.5027,2.889,0.2329,-1.8966,-0.7116,-4.5722,-1.5374,-1.1816,0.952,-2.2057,0.7448,1.9589,-0.7543,-0.0784,2.091,0.3009,1.0345,0.7233,-0.4357,-4.0238,1.0189,0.5425,-0.9375,1.0195,-0.2128,0.5112,0.5487,0.0427,-0.7036,-0.4207,0.7911,0.6713,4.9873,1.4819,3.9876,0.1576,0.5066,-0.1995,-0.3895,-0.8297,1.181,3.5156,-2.9605,0.0733,1.1362,-0.6787,-2.9744,0.3879,0.8851,-0.2252,1.8766,0.536,0.1432,-0.1071,0.9178,1.0316,-0.071,-0.0277,1.1616,-0.9051,1.7083,-0.0805,-0.1547,0.9247,1.2278,-1.1959,-0.4585,0.0501,0.7241,0.3063,2.0594,-1.3707,0.3642,1.8804,1.3658,-0.7198,-1.1689,1.1055,0.2477,-0.8499,-0.4282,0.9252,-1.3267,-0.1554,0.5715,0.9043,0.2055,3.4758,-0.7721,1.2181,1.0279,-1.8405,-1.2595,-0.572,0.2963
-2.8887,1.0022,-4.3836,0,-1.725,0.685,1.5778,-0.2575,1.5048,3.0082,-0.9171,-1.1295,-0.5086,1.1016,-0.5297,0.5951,0.3046,3.4229,-4.9269,1.3012,-1.9409,0.8322,0.2693,0.3891,-0.0114,0.6647,1.8812,-0.7308,-0.1164,-2.7583,0.2954,0.6704,0.2053,-2.4865,-0.1578,2.3412,0.28,1.3555,-0.9962,-1.1242,-0.3233,0.8314,2.6683,-2.6852,-2.5534,-0.896,0.3126,1.3518,1.9106,-0.1255,1.071,0.7082,-3.9187,5.9226,-3.4645,-2.999,-1.9645,-1.3089,-1.9455,1.57,-0.4047,-0.444,0.3693,-1.7109,3.0422,2.2355,-1.4696,-2.4142,-1.8017,-2.3398,-2.7394,0.1636,-0.29,0.4547,0.347,-0.7978,1.0039,0.0803,1.6812,-0.5594,-0.8094,3.2138,-3.7984,-1.7261,-3.7669,2.0416,-3.9945,1.9376,-0.972,2.2095,2.4834,-1.8753,-0.44,-2.9138,1.3004,0.4445,3.5428,0.0679,-2.8435,0.5682,1.3449,-2.9976,-0.2652,-1.059,-0.1203,-0.1873,1.0516,-2.3277,0.49,-5.591,-4.8676
0.1668,-0.1902,-4.3023,1.0655,0,-2.1357,1.1871,0.9845,2.1734,0.5795,0.2886,3.6938,2.2053,5.7879,0.8064,4.4666,3.9004,1.3292,-0.5393,-2.1591,-1.5207,-0.9854,1.8956,-2.7344,1.628,1.8192,-2.812,-1.0174,0.0989,-2.5113,0.9215,0.7511,-0.4827,-2.8033,1.148,2.097,-1.6835,0.4048,0.1664,-1.0568,-3.1884,-2.0564,0.5889,4.8661,-0.6479,1.3516,0.4908,-2.2768,9.2331,0.6288,8.4557,-0.4676,-1.0851,4.5557,-6.6068,-2.939,4.2378,4.8699,-2.7652,3.1694,-1.0936,-2.3797,-3.0498,-0.5981,-1.1345,-0.8788,6.0168,-3.2535,-0.7836,-3.0552,1.5573,0.6763,2.0638,-1.5086,-1.2392,-0.9985,-4.871,-0.7372,-0.6027,-3.4928,-1.1283,-0.3865,-0.4148,-0.3939,1.47,1.9885,-0.5878,-1.4802,-0.1858,-0.734,1.5658,-0.8965,-2.2886,-2.6176,2.0382,1.0046,3.9095,2.2692,-1.9676,-0.1635,-1.2564,0.7516,1.3845,1.4064,0.2952,0.9241,-0.2749,0.0828,-0.5466,-0.367,-0.9819
0.7962,0.4821,1.6167,-1.0634,0.6193,0,-0.4666,1.9069,-3.7558,-0.5815,0.1727,-1.959,-0.3832,-4.3237,-0.6105,-4.0417,-0.3593,-1.805,2.062,-0.5496,1.0035,-2.6212,2.1313,1.8544,1.6882,-0.6807,-0.3488,1.2649,0.2714,1.6612,0.2293,-1.0738,0.7605,-0.4887,0.0471,-1.2122,1.9383,-0.8719,1.862,0.2113,1.1925,1.8412,-0.0305,0.955,0.6237,0.6679,0.9014,-0.0895,-0.9161,-0.6028,-4.489,1.0555,0.841,-2.4202,-0.5137,0.7276,-0.9752,-0.6162,2.3967,-0.8244,-0.4542,-0.1278,-1.6457,0.2394,2.5401,-2.3674,-4.0617,3.2447,-0.0426,1.2016,1.3194,0.6377,0.1523,-1.1263,-0.8676,0.6214,2.1063,-0.0576,-0.5481,1.7526,1.1888,-0.2526,0.0598,-0.0983,1.5091,-0.4558,0.3472,-0.6792,-0.0079,-1.7224,-4.1257,0.335,4.3072,1.2205,0.8958,0.2847,-4.5123,-0.9827,0.7556,-0.1885,-0.6837,3.9035,0.199,-4.0382,1.9256,-1.8885,-1.2233,-1.6884,1.6892,1.1168,1.8697
0.2858,-0.5956,-1.6792,-1.7145,-1.201,-1.0932,0,-1.2793,2.4537,-0.3107,-0.6143,1.174,0.0615,1.2125,-0.0245,2.7212,0.789,-0.7383,0.356,-1.1126,0.9573,-1.6388,0.8066,-1.6432,0.3374,0.1636,-0.7627,-0.8684,0.964,0.445,-0.4641,0.5199,-0.2182,-1.4866,0.1356,0.2192,-1.0455,-3.1298,0.3723,-1.8872,-1.4669,-0.0925,-1.3044,1.5087,-2.0137,-0.3879,0.6739,-0.8442,3.3384,0.6568,1.3042,0.0906,0.9065,2.9171,-2.7006,0.0091,0.158,1.4961,-0.9101,0.063,-0.3693,-0.5105,-1.2535,-0.2558,0.2666,-2.5099,3.0783,-0.9331,-0.018,-1.8239,-0.1984,-0.4204,1.7043,-2.1064,-1.2963,0.6445,-1.676,-0.7173,0.552,0.1043,-0.7814,-0.0015,-0.9247,-0.9439,-0.5041,0.6781,-1.0422,-1.3132,-2.3059,-0.1695,1.1216,0.3286,-2.1552,-1.9596,0.9119,-0.029,-1.2145,0.7415,1.6458,-1.4129,-0.4536,0.978,0.2304,1.2344,0.2998,-0.1062,-0.4566,-0.2573,0.1477,-0.6728,-0.3031
1.5281,-0.7845,-1.151,-0.2274,-0.9904,-3.2662,1.2901,0,2.8515,-0.9086,-0.1404,1.8112,-0.1131,0.0347,-0.4641,-0.7732,0.2774,0.088,-0.8748,-1.6357,-1.876,-1.0069,2.2301,-0.5486,1.1631,-0.3215,-1.191,0.1793,-0.7008,-0.8509,0.6223,0.8589,1.2287,-1.0633,0.9849,1.7515,-0.9442,-0.1993,-1.0173,-0.2047,-1.2914,-1.3083,-0.5097,1.5111,-0.6216,0.6398,-0.1471,-1.1283,1.3335,-0.2537,0.4069,-0.3461,0.1933,-1.1201,-3.5839,0.4881,0.1219,0.3731,-1.4081,0.167,-0.9271,-0.8885,-0.9393,1.1757,0.5267,-2.4164,-0.5099,0.8424,0.2318,-3.319,0.8068,0.6458,-0.1037,-1.7921,0.1955,-1.3352,-0.1252,-0.8976,-0.5301,-0.2483,-0.3983,-0.4292,-1.1291,0.5061,-0.3656,-1.0748,0.7119,-3.2131,-1.2473,-3.8843,-0.8583,-0.4526,-3.346,-1.9032,0.1818,-1.6648,-2.0733,-0.0321,1.3797,-2.7372,-0.0205,1.4348,2.8424,1.4024,1.0073,1.703,-0.4134,-0.8297,0.0562,-0.6833,-1.008
-1.8928,0.2359,-4.0266,-1.2729,-2.209,2.0082,-2.4364,-2.7904,0,0.152,0.7689,0.3551,1.3256,-1.1745,0.8617,1.1214,-6.9468,0.3098,-0.2912,-0.373,-0.3603,-2.2533,0.1424,-0.6961,-0.3256,0.3128,-0.1009,-2.2034,1.3675,0.9329,2.5388,-0.0827,-0.1946,-0.5959,1.8023,-0.5831,-0.4435,-6.2606,2.1122,-0.8474,-0.6834,1.745,-0.5858,-0.3421,0.6998,-0.21,0.0583,-0.9724,-2.9847,0.4234,0.6527,1.1655,0.9831,-1.3733,-2.2303,0.5163,2.396,0.5093,-0.3228,-0.4363,-0.8597,-1.663,-0.9206,-1.6275,-1.9125,0.2309,2.3751,-0.429,-0.8678,-2.102,-0.2316,-0.2209,-0.123,-2.0856,0.3036,0.835,0.2144,0.509,-0.8721,-1.4956,-1.5983,-1.0221,-0.3171,1.6319,0.8285,-0.7948,-0.2802,0.0987,-6.0877,-0.7631,1.069,0.4508,2.8629,0.3453,0.1101,-1.2471,-0.8779,0.5033,0.991,-1.3642,0.1824,-0.4345,0.0964,-8.0505,0.9255,0.7908,0.4435,1.938,-0.8804,-3.0015,0.0137
0.2419,-0.5238,1.2278,-2.6272,-1.3365,0.2856,-0.3185,0.3524,-0.4985,0,-0.7429,0.1914,0.7074,0.8275,-0.4399,1.2989,0.8029,-1.465,0.5818,0.0945,-0.7692,0.3447,-0.5893,-0.1158,-0.892,1.0827,-1.8438,-1.3399,0.1606,0.3087,1.2149,0.722,-0.8046,-0.9254,0.1892,0.9268,0.2425,1.5583,-0.4521,0.5086,-0.2168,-0.9296,1.658,-0.0204,-0.8364,1.7584,0.2944,1.1259,-0.3673,-0.2228,-1.5204,-0.6131,1.489,1.6028,-1.2363,1.1341,-0.3312,1.4877,0.3962,-0.6182,0.0523,1.0474,-1.5713,0.0056,-0.114,0.1463,0.2296,-0.9284,0.7833,0.2267,-0.1112,0.0189,-0.7274,-1.895,0.154,-0.6187,-0.3768,0.8359,1.2914,-1.2855,0.4658,0.6602,-1.3102,-0.1571,0.6993,-0.5324,1.9757,0.0754,2.2487,-0.8169,-0.0121,-0.8429,-1.6475,1.3211,1.2684,0.4443,0.8329,1.09,-1.6453,0.072,0.1075,0.1445,0.0394,-0.6636,-0.0265,-1.7499,1.1693,1.148,-0.2038,2.3724,0.1075
1.9741,-1.4009,-0.8506,0.8661,-0.6277,-0.7804,0.4412,-0.1608,-0.8047,0.731,0,0.0884,0.0882,-1.0791,0.6694,2.6633,0.5677,-2.0728,0.3741,0.4247,0.5184,0.3492,-0.5919,-0.0493,-1.1672,0.1202,-2.7605,-0.4251,1.1948,-2.0178,1.2002,0.4266,0.3277,-0.4789,0.606,2.5944,-1.4241,0.9858,-0.4279,-0.5355,-0.7924,-1.0707,-0.383,0.3095,0.2767,0.7047,0.4337,0.5094,-0.4127,-0.2006,0.4873,0.7841,-1.3466,3.0093,-4.3164,-0.2266,2.2528,0.1148,-0.0908,-0.5261,-1.0528,-0.6202,0.1385,0.6644,0.1647,-0.8402,3.0116,-0.1184,1.1294,-1.1302,-0.2995,1.5192,0.6878,-5.0989,0.5974,-0.778,-2.3705,-1.2003,1.1779,-1.8083,-0.1305,0.9637,-0.1858,-0.8066,-1.0106,0.6764,0.5974,0.2189,1.6022,-1.2826,1.0122,0.8832,-1.6379,0.1974,0.8727,-0.2096,0.0934,1.49,-0.792,0.2285,-0.3104,0.7691,0.7699,1.3398,-0.2527,-1.1707,0.4613,0.5555,-0.2406,-0.4729,0.773
-1.9922,-0.6497,-3.306,0.9399,-3.6646,0.4444,-1.1232,-1.7239,-0.3566,-0.5992,-0.0741,0,1.2816,-1.3081,0.7366,-0.9759,-2.4946,0.3881,-0.1974,0.2917,-0.6415,-1.2494,-0.0007,0.0992,0.2982,0.6456,-0.7519,-2.5882,-0.0677,-1.4172,0.4911,-1.234,0.791,-1.1181,0.0823,-3.125,0.6661,-2.3724,-0.065,-0.32,-0.871,-1.8598,0.3886,1.4872,-1.7276,0.3258,0.1809,0.4112,0.0503,-1.1278,-0.5668,0.6634,0.4659,-0.1306,-1.4171,0.6859,0.6494,1.9744,0.258,-0.1415,0.5839,0.41,-0.2595,-2.1013,-1.3905,-1.0516,0.8805,-0.2878,-0.0482,-1.3457,0.2447,-0.283,0.7595,-1.6722,0.945,1.9613,-1.109,-0.171,-0.0688,0.1972,0.1315,-0.2295,0.3841,-0.5313,-1.3751,-0.9404,0.1512,-1.4346,-1.7163,-1.1814,-2.7972,-0.5012,1.7745,-0.5274,-0.2338,-0.1923,0.0525,0.4555,2.0913,-1.7582,-0.4949,-1.6685,-1.758,-2.6173,-0.3973,1.2762,0.5202,-1.0471,0.7173,-1.4524,-0.2625
-1.3014,-0.1714,2.7761,0.5975,-2.6081,-0.3689,-0.3147,-0.1447,-1.4877,-0.7746,-0.0056,-1.5348,0,-3.5203,-1.6676,-1.4221,-0.0778,-1.3008,-0.2032,-0.7923,-0.098,2.614,0.1449,0.0711,0.7569,0.5843,-0.2515,-0.6216,-0.9073,0.8452,0.3233,-1.3167,-0.9822,1.3273,-1.1546,-1.5912,0.6385,-0.3054,-0.7768,0.1323,3.9896,0.0085,1.6649,-0.0741,0.3804,-1.2274,0.0437,0.3995,-1.6394,-2.8838,-3.3102,0.046,0.1616,-1.4313,-0.2722,0.8761,-0.7085,-0.0423,3.8469,-1.6983,0.2222,0.8188,0.2357,-0.668,1.2137,-2.4109,-0.9533,0.907,-0.3772,-1.8759,-0.8132,0.0124,0.4854,-4.0896,-0.9483,-0.335,0.5563,0.2378,-1.7197,3.0824,-0.9468,2.1475,1.2417,-0.5365,-3.0715,-1.5053,0.8425,-0.7481,0.6017,-1.5261,-0.1327,-1.5648,1.8098,-0.456,-1.7102,-0.1722,-1.6133,-0.6261,1.5862,-2.6163,-0.8171,1.4934,-0.0695,-2.5269,-0.9645,-1.0086,0.0035,-0.3404,0.3853,-1.0373,-0.3068
-3.8439,-0.1084,-3.6746,-2.207,-5.7873,0.546,-1.2646,-0.1103,1.1066,-2.284,-0.1588,1.3663,2.4986,0,-0.6901,-2.2717,-4.6663,-2.7398,-1.04,0.0965,3.212,-0.6711,-1.0121,-0.4391,-0.019,-0.2361,-4.9236,-5.2006,1.6982,-0.3545,1.405,-0.2334,-0.494,-2.918,1.2631,-3.6824,-2.0429,-3.8667,0.539,-2.4465,0.7004,-0.1473,0.4139,3.869,-3.0819,-1.9786,-0.0903,0.09,-1.0549,-2.8896,-0.4352,0.4206,-4.2479,0.0116,-3.0949,-0.7259,3.0336,0.5641,-0.2235,-1.7994,-1.6012,-0.2735,-2.984,-3.5075,-2.4945,-3.9819,-0.2068,-1.6051,1.9726,-4.3245,-1.3241,1.2576,0.2042,-5.5687,-0.3581,2.7942,-0.3559,-0.1946,-1.412,-3.0223,-2.3346,3.343,-0.9981,-2.3806,-0.5641,-1.9599,0.2375,-0.6504,-4.9372,-2.0878,-1.0418,-1.3628,1.8826,-1.4568,2.7199,-1.2574,-1.4699,0.7164,-1.6871,-3.2948,-1.7271,-1.2217,-1.4816,-7.8466,-3.631,-2.2227,-0.5575,0.0546,-2.1424,-3.2743,-2.2305
1.541,1.3318,-0.378,1.4637,-1.1161,1.0586,-0.1858,0.3038,-1.0657,0.8354,0.0827,-1.0662,1.9027,0.1613,0,-0.9838,2.7135,-0.3911,1.224,-0.4461,1.2256,1.4834,1.8885,1.5483,0.6784,1.2841,-0.2559,-0.5315,0.4074,1.7249,1.5419,-0.1379,2.0748,0.2423,0.0833,0.7132,1.6407,0.4368,0.7648,3.1719,1.9648,0.9282,1.4527,1.191,0.0798,1.9469,0.3404,-0.0246,0.9632,-0.4795,-0.6747,-0.0424,0.2137,-1.4328,0.2165,0.0238,-0.3813,0.9523,3.0146,-0.5373,-0.6725,0.3134,1.0813,0.4827,0.5604,-0.2057,-1.0049,0.1852,-0.7728,1.1056,-0.352,0.4459,1.5418,-0.1666,0.9024,0.2251,1.1306,0.6981,-0.1405,0.742,-0.9196,0.9846,1.4479,-0.6658,-0.7629,-0.2973,-0.8346,1.7442,-0.704,0.7661,0.6664,1.1403,2.4689,-0.6356,0.2075,1.3282,-1.7026,-0.9558,3.6766,-0.5383,0.5367,1.0369,1.3795,-0.7049,2.1724,0.2169,-0.8087,0.5372,2.9472,1.6765,0.6829
0.8222,-0.7854,0.384,-0.189,-4.7656,2.8754,-2.9066,0.6756,-1.2199,-1.2278,-2.2287,0.886,1.4174,1.8933,1.0152,0,-0.4804,-2.024,-0.8744,0.7124,2.3327,0.4515,-1.8004,0.4084,-2.2661,1.1306,-2.4456,-0.7443,2.9971,2.5899,4.5707,-1.0486,2.8736,-1.4551,1.3182,-4.2901,2.2646,1.0245,2.7449,-0.6603,1.1876,2.6007,0.0323,1.2298,1.1167,-2.4873,-0.1764,-0.2225,0.0914,-1.7177,-1.8778,2.9104,3.6595,1.9228,-0.0773,-0.3718,3.0929,0.0073,-1.4402,-1.3662,-1.6133,-1.6776,1.0487,-2.0236,0.6408,-0.5598,2.9742,1.6846,1.2043,-2.8761,-2.3806,0.1792,-2.0442,-0.8387,-0.678,4.539,-0.5604,1.0652,0.6499,0.2867,-3.1276,-0.4661,0.0075,-0.9971,1.2787,-1.7064,-0.7284,3.1262,0.0234,-2.0557,0.0933,2.5743,3.2704,-0.9571,1.313,-0.9523,-0.3496,-1.4121,0.0096,-2.1131,-1.5869,-1.3699,-2.8372,-3.5933,1.5722,0.2258,0.1566,1.4279,1.2453,-2.393,-0.9237
-2.8008,-1.4371,-2.8327,-1.0122,-3.8659,-1.8282,-0.7962,-0.3153,6.6378,-1.6992,-1.0758,2.4199,-0.4051,4.6514,-3.1107,0.1077,0,1.1332,-2.9771,-1.2464,0.8701,-2.8204,2.9885,-1.3603,0.0172,1.2626,-0.3139,-3.032,0.3273,-3.5297,1.8378,3.7186,1.7032,-1.5308,1.0219,-0.609,-2.0541,-2.0234,3.1871,-2.4396,-1.746,-0.1775,0.5948,5.28,-1.0934,0.7615,1.4245,-1.3805,9.6243,-0.5501,4.706,0.0418,-1.7766,-1.2867,-4.4905,-1.3958,1.4044,7.0315,-2.524,1.224,-0.0846,-0.8703,-2.6918,-2.1328,-0.2009,-2.2615,2.5071,-3.4887,-1.0197,-4.3322,0.4209,-0.276,-0.1726,-4.185,-0.7931,-0.1013,-0.9926,-0.8875,-1.3689,-3.3339,0.0335,-0.4473,-1.128,-2.0904,-4.2037,-1.9285,-2.1452,-0.7654,-5.1139,0.1461,2.6432,-3.3401,-1.3973,-1.7519,1.2122,0.6419,1.2879,1.1877,-0.0456,-0.0631,2.5611,2.6582,-1.2809,-5.5196,-0.8065,0.5743,1.4669,-0.1743,-2.0498,-1.5409,-1.0987
0.0268,-1.6781,-2.8384,-3.3068,-1.4921,0.4587,0.7579,-0.161,-0.1899,1.088,1.8048,-0.2828,1.2927,2.3832,0.8438,2.2925,-1.5459,0,0.418,0.189,-1.8218,0.1696,-0.9803,-1.508,-0.8659,2.2033,-1.0435,-1.6801,-1.013,-2.6893,-2.6398,1.2022,-2.6731,-1.972,0.8869,0.2149,-1.4215,-1.2549,-1.1492,-3.1056,-1.1146,-1.2257,0.2764,-0.3665,-0.2638,-1.3972,-0.1011,0.3564,-1.2963,0.8226,1.0055,-0.319,-0.3557,-0.8249,-2.8504,-0.8156,1.3886,0.3059,-1.4335,1.773,-1.5215,0.8645,-2.1698,-0.6285,-0.7431,-0.159,3.252,-3.454,-0.2569,-2.0902,-0.6745,-0.6861,-0.2017,-1.3526,-1.6037,-0.306,-1.0946,-0.2199,0.545,-1.6639,-0.7524,1.4007,-0.3701,-1.0914,-0.3946,1.576,-1.8367,-1.2453,0.0827,0.4515,1.7931,-1.2761,-1.8235,-0.2087,0.532,0.4309,1.3145,1.5302,-2.4688,0.6921,0.9457,-0.9416,0.9982,-1.6417,-1.8094,-0.7346,0.2899,0.2523,-1.6342,0.8685,-1.1169
0.6137,0.8239,-0.2475,4.6567,0.445,-2.2309,-0.4176,0.8271,0.2645,-0.6001,-0.0741,0.1148,0.2445,0.8218,-1.2558,0.86,2.8391,-0.1766,0,-1.5249,-0.6487,1.6606,-0.1874,-1.1792,0.5771,0.4744,-1.2978,-0.5818,-2.6668,-0.6833,0.6935,0.7156,-0.2349,0.0259,-0.1902,3.5641,0.5373,0.1081,-0.0236,1.7413,-0.7615,0.0311,-0.5537,-3.0134,-1.0803,1.99,-0.2711,-0.6381,0.8552,-1.1294,1.9393,-0.6225,-0.6661,0.6861,-0.6562,0.7911,-0.2249,0.4263,1.203,-0.4932,-0.2605,-1.0921,0.8221,-0.1464,1.6851,-0.4027,2.0974,1.253,0.0449,-1.3404,-1.1302,0.8465,-0.8336,0.4597,0.0625,-0.3417,1.4857,0.3426,0.8862,-0.3712,0.4969,-0.8521,-0.8709,-1.1341,1.6989,-1.6194,1.3592,-1.7097,1.6641,1.7415,2.2533,-1.5019,0.1944,-1.3872,-0.855,0.7501,0.078,0.3643,1.2674,0.8871,-0.3684,-0.2019,1.7237,2.9613,1.0812,-0.0448,-1.3453,-0.4147,0.2528,0.8652,-0.5439
0.3682,-1.2502,1.6894,-0.7036,1.1467,0.8519,0.0446,0.7044,-0.4004,-0.0138,-0.31,-1.2637,0.5771,-1.9514,0.4712,-1.1696,-0.3584,-0.5846,1.1512,0,0.2526,-0.9265,0.4305,1.332,-0.7882,-1.7725,0.7288,0.8123,1.2563,1.9096,1.2809,-1.3036,0.9434,1.6612,-0.7483,0.8342,1.8864,-0.1239,0.1856,1.874,-0.9014,0.7,1.0741,-0.0829,-0.1139,1.2607,0.9028,1.3275,-2.1093,-0.3682,-1.8849,1.4594,0.6524,0.871,1.5135,0.5863,-0.5482,0.5989,-0.7271,-1.524,1.0188,0.6909,-0.5104,0.0391,-1.3659,0.4975,-2.2931,1.5287,1.3377,2.4224,0.3011,0.5855,-0.716,0.2381,1.9669,0.6319,1.0963,-0.2762,0.5679,2.0324,1.1368,-0.2268,0.9553,1.2602,0.3153,-0.3196,1.4549,-0.4728,0.4422,-2.1694,-1.6699,1.0534,0.8986,1.2441,-0.0608,-0.7601,-2.7623,0.5603,0.2148,-1.7875,0.2471,-0.4525,-1.3115,2.0525,0.1735,0.0459,1.1139,0.6651,1.843,-0.9113,1.7371
-1.7422,0.5944,0.6475,1.9736,1.4896,-1.4718,-0.9765,1.8811,0.3454,0.5852,-0.2301,0.6121,0.1283,-3.3937,-1.3111,-2.3031,-1.0938,1.9408,0.6389,-0.7872,0,-1.41,0.1662,0.8795,0.6787,-0.5747,0.8913,-0.8551,0.1104,-0.8355,3.0437,1.8414,1.5497,-0.5292,0.9694,2.3042,1.8421,-0.7754,0.6948,-0.2261,1.3613,0.8602,0.8295,1.1034,-0.12,-0.3545,1.4909,-0.1585,2.7614,-0.3014,1.2422,0.173,-0.3207,-0.7423,-1.7445,-0.6475,-1.4596,2.4496,-0.7999,-1.7927,0.4857,-1.536,-2.6657,2.2237,0.3716,-1.7302,-2.6668,-0.2162,-0.8605,-0.4155,0.8928,1.1167,-0.0056,-1.0001,0.7625,-1.016,-0.0163,-0.6766,-0.1591,-0.2742,0.8348,-0.6085,-1.1474,1.7637,-1.5752,-0.56,-0.4189,0.5204,0.8562,-4.398,-1.596,-2.4618,1.4098,1.4088,0.8796,-3.4746,0.7088,-0.4286,-0.5219,-0.8622,-0.8958,-0.901,-0.8293,2.9337,1.331,-0.1509,0.5588,-0.7338,0.2612,-1.8434,0.4048
-0.3173,-0.595,4.5957,-0.2994,0.6626,1.7893,1.426,0.7768,2.1666,-0.2638,-0.048,1.0816,-2.4996,0.1039,-1.4429,-0.4811,2.4204,-0.0481,-1.758,0.6203,1.3791,0,-0.3402,0.272,0.9981,-0.289,1.478,1.218,0.5472,0.3703,-0.0529,-0.2814,2.1873,1.6417,1.2312,-0.0493,1.4588,-0.0989,0.4665,-1.1101,0.6993,1.2368,-1.3453,0.3594,1.215,-2.4716,0.6969,0.2727,2.456,0.9844,0.5599,1.0534,0.8724,0.8158,-0.5352,0.9671,0.0565,1.6578,-1.6937,-1.4861,0.4371,-0.1667,-1.3751,0.0883,2.1716,-0.7597,1.542,-0.5825,1.0465,-0.8004,0.3657,0.3311,0.995,-0.5548,-0.0385,0.633,1.0005,0.3555,-0.653,1.5402,-0.7466,-0.9223,-0.9941,-0.2417,-2.5978,-0.8383,-1.0381,1.2473,-0.2948,0.5041,1.4662,-0.6799,0.8108,2.0167,-0.9116,-1.728,0.164,-0.0829,1.0892,-0.3478,0.258,0.6289,-1.3721,1.8986,1.6824,-0.2177,0.7605,-0.389,1.5009,-2.1715,-1.0899
0.078,-1.0753,1.4067,-0.403,-1.9628,-3.009,-0.8327,-2.2724,-0.1216,0.0711,0.4453,0.0319,-0.2825,0.8477,-1.9362,1.7354,-3.2425,0.965,0.1969,-1.1533,-0.134,0.188,0,-0.1165,-2.3194,0.6567,0.3096,-1.7436,0.0035,-0.6998,-0.3595,0.4146,-1.9699,-1.6259,0.4478,0.4009,0.3089,-0.4784,-1.5215,-1.1962,0.0939,-0.6814,-0.1146,0.0465,0.033,-0.827,1.1203,-0.3432,0.0169,1.3641,1.4452,-0.2225,0.3657,-0.4835,-1.573,-1.4766,-1.7768,1.8708,-1.7593,-0.1826,-1.7047,-0.6157,-1.5208,0.1236,-1.1733,-1.3896,0.7343,-1.3941,-0.1593,-3.0249,0.857,0.6793,0.6506,-0.9493,-0.4561,-0.1595,-0.2376,1.5933,-0.568,0.1714,-0.6008,0.0126,-1.2401,1.6574,-0.4684,-0.7591,-1.4464,-1.006,-0.5291,-0.6831,-0.3979,-1.8827,-2.7335,0.1118,-0.3252,-2.8168,-1.1413,0.5251,0.8381,-1.1406,0.1223,-0.277,0.8427,-1.5772,-0.895,1.0677,0.732,-1.3755,0.3651,-0.7432,-1.0358
0.688,0.8653,1.1732,0.2126,2.5857,-1.8108,1.5126,0.4055,0.5808,0.1486,0.3682,-0.2541,0.0116,0.0651,-1.5347,-0.4127,1.0079,1.6404,1.177,-1.5581,-0.9478,-0.2746,0.0543,0,0.6417,-0.5282,1.0086,1.7753,-0.738,0.2663,-0.5578,0.7427,-1.0234,0.2985,1.0744,2.2923,1.121,0.8841,-0.5269,0.3918,0.7646,0.6321,1.0773,-0.9791,-0.0702,0.3556,0.1638,0.0039,0.5793,1.0835,0.7029,-0.3207,0.0246,-1.075,-0.7788,-0.185,0.1037,1.8506,-0.5638,-1.4662,-0.2578,-0.6754,-0.9992,0.9112,0.3518,0.492,-0.3518,0.3363,-0.74,-0.2141,0.5574,-0.3719,-0.0253,-0.9448,0.9483,-1.3515,1.5782,0.5227,-0.7316,0.5911,0.6835,-0.9333,-1.1754,1.8355,0.0365,-0.5275,-0.7398,0.192,-0.5034,0.3238,1.3791,-0.5778,-0.0589,1.7069,-0.1126,-1.7334,-0.7391,0.6705,1.1126,0.3241,0.3335,-0.0367,1.4967,2.3329,-0.0656,-0.9002,0.5298,0.428,-0.3686,0.6734,0.3468
-0.8397,0.0886,-1.1253,-0.5788,-1.6483,-3.1818,-0.3298,-1.1629,0.3684,0.1392,0.7052,-0.2243,-1.012,-0.0613,-0.8423,2.1022,-0.0533,0.7227,-0.6099,-0.2416,-0.6636,-1.2236,2.2817,-0.7795,0,-0.7552,-0.6648,-0.2252,-0.8388,-1.69,-0.7316,0.1386,-0.0233,-1.4836,-0.7153,0.1546,0.1094,-0.756,-0.6649,-1.5581,-0.6948,-1.6606,-1.1776,0.8019,-0.197,0.6353,0.0835,-0.6343,-0.2473,-0.4566,1.2646,-1.085,0.234,1.8808,-3.0561,-1.1755,-0.2461,-0.0241,-1.2915,0.3519,-1.6002,-0.5261,-2.9977,-0.7095,-0.505,-1.5161,0.9101,-2.817,-0.5603,-3.0349,-0.5039,0.1304,-1.0485,-2.3378,0.1813,-0.2035,-1.0146,-0.5364,-0.682,-0.7974,-0.4718,0.7272,-1.8273,-0.9742,-0.5148,-0.9664,-0.3321,-1.2643,-0.7722,-1.4,1.3817,-0.8087,-2.44,-1.8129,-0.7926,-0.9837,0.4678,-0.636,-0.3973,-0.3742,-1.0436,0.0516,2.0456,-1.1788,-0.2608,0.2616,-0.1882,-0.3632,-0.0899,0.2707,-0.3926
0.9832,-0.3037,2.1839,-0.2877,-2.0564,0.0516,-0.2974,0.2042,-0.3817,-1.0608,0.1085,-0.8156,-0.5174,-0.2281,-1.2442,-1.1302,-1.6807,-1.9669,-0.4825,1.2773,0.5778,0.2633,-0.7231,0.529,0.6295,0,-0.072,-1.1993,-0.5561,-0.1405,-0.4878,0.7342,2.4406,-0.716,0.6638,0.1909,0.6311,-0.454,1.6021,-1.2114,0.4222,0.6818,-0.8808,-0.3005,1.5777,0.1951,0.3143,0.0848,-2.1015,0.4813,-1.042,0.3069,1.3016,2.0903,-0.414,0.6435,-0.3876,-0.1495,1.1387,-1.1494,-1.8575,0.883,-0.2652,-0.789,0.6721,-1.2856,0.1838,0.8669,-1.5582,0.0843,0.2278,-0.2284,1.5537,-1.5783,0.7561,1.0155,0.1313,-0.1283,-0.397,-0.1056,-0.5045,-1.1588,1.4992,0.9151,0.3198,-0.9512,-1.6501,-0.2977,-1.2471,-3.5257,0.1738,1.7076,1.8953,0.4282,-0.4506,0.1909,-0.5384,-1.9842,1.8141,-1.3604,-0.148,0.1016,1.389,-1.3325,1.1385,-1.3603,0.5557,0.328,0.9999,-0.3644,0.0165
-0.7946,-0.6237,-1.3771,-2.4381,1.219,0.3488,-1.0337,-0.8209,-1.2109,1.7112,2.2656,-0.5979,-0.5244,2.2409,0.795,2.2415,-2.547,-0.2679,0.7398,-0.487,-2.0412,-2.09,-2.0679,-1.6479,-1.2717,-0.67,0,-0.9641,-0.4108,-1.681,-1.6396,0.1668,-3.0825,-1.0927,0.5337,0.5726,1.1056,-1.7584,-1.4708,-0.9694,-0.9637,0.1248,1.8035,-1.9361,0.2907,-0.5901,0.1026,-0.707,-1.0998,0.2602,0.9226,-0.3748,-2.7404,-0.0183,0.784,-2.0095,-0.1976,0.4955,-2.515,1.2268,-0.3044,-0.4551,-2.7567,-1.69,-1.8474,3.9144,3.4547,-2.1575,-0.0476,1.2962,-1.2434,-0.774,-1.2915,0.4144,-1.1643,0.0516,-0.1458,0.4307,-1.64,-2.3517,-0.2791,-0.3632,2.3615,2.0052,2.3507,1.6595,-1.6232,-0.6287,-1.2633,-0.1668,-0.2608,-0.829,-1.2485,2.5373,0.4402,-1.2179,-0.0277,1.4327,-2.3871,-0.8115,-1.1831,-1.5933,-0.4213,-2.6959,-1.657,-2.1692,1.0807,1.5758,-1.2425,0.7813,1.0397
0.7324,-0.1681,-2.2751,-0.2411,1.0321,-3.2959,0.8436,-0.184,2.1792,0.3925,-0.2154,2.6526,0.2088,5.2269,0.1962,0.5245,3.1043,1.3458,0.4317,-2.1465,0.775,-1.637,1.6549,-2.0441,0.2003,0.9442,-1.6505,0,-0.6507,-2.3018,0.4229,1.3845,0.1256,-3.3592,1.6908,2.258,-2.1582,-1.1611,0.7376,-1.4799,-1.0172,-1.1437,-1.2824,3.9465,-1.3881,-0.1075,0.4505,-1.334,4.7836,0.0539,4.4288,-0.104,-0.7478,-0.4286,-6.4889,-2.6309,1.4891,2.4294,-2.1404,-0.033,-0.533,-3.072,-2.1492,-0.0969,2.1011,-3.1251,0.735,-1.6685,0.7316,-3.9983,1.7311,0.2174,0.3197,-3.2913,-0.4286,-2.0929,-2.7676,-1.4515,-0.0501,-1.165,-1.0838,-1.9098,-3.0422,0.3093,-1.27,-0.0738,-3.2666,-0.3293,-0.1261,1.2133,1.173,-2.1482,-1.3951,-1.2905,0.6094,-0.4161,1.8582,2.27,0.133,0.0267,-0.8335,1.0843,1.6309,3.9254,0.0652,0.3903,-0.5013,0.1383,-0.5829,-0.9142,-0.7353
-0.6537,1.8414,0.8316,0.2805,-0.6315,-0.5753,-1.5372,0.216,-1.7437,-0.1731,-1.1278,-0.2342,0.8928,-3.7135,-0.0116,-3.3766,-1.3134,0.8928,2.8832,-1.2749,-0.1793,-0.4863,-0.3335,0.868,0.3451,0.5837,-0.0632,-0.1565,0,0.3811,0.9923,0.6944,0.2136,-1.3639,-0.0541,0.7361,0.6796,0.3634,0.4777,0.9911,0.444,0.3422,-0.0452,-0.706,-0.5476,1.8759,-0.1606,0.2117,-0.4909,-0.0295,-0.942,-0.2546,0.1985,-3.1246,-0.8935,-0.0942,-1.1794,0.3166,-0.0934,-0.3741,-0.5759,-0.2727,-0.1514,0.3058,-0.1173,-0.0849,-2.9217,1.4786,0.2248,-0.4428,-0.313,-0.4166,-0.773,-0.3954,1.836,-0.1889,-0.9809,0.37,-0.2631,0.9211,0.549,-0.761,-0.89,1.77,2.0816,-0.7184,-0.142,0.5601,1.6179,0.962,-1.0409,0.6796,1.0069,1.0546,0.6233,0.2343,-0.5711,0.0048,0.1204,-0.8659,-0.4575,0.1245,0.7982,0.0974,-0.4191,-0.1976,0.7943,0.5844,-0.0792,0.5955,0.3378
-0.1033,3.3975,0.1196,3.5854,2.1372,-0.4198,-0.8112,0.5052,-1.3414,0.1235,2.6417,1.0724,-0.5788,-0.1743,-1.7637,-2.635,3.0026,2.9317,0.5401,-1.6925,0.6205,-0.3034,0.5277,-0.2937,1.3883,0.1223,2.1349,1.7534,0.1298,0,2.9809,1.1244,-0.5529,2.5897,-1.1788,1.8517,2.6882,0.7938,-0.8359,3.0401,0.7644,1.3707,0.767,0.8088,1.5771,2.6527,1.4253,0.5538,2.0274,0.2475,0.9863,-0.1612,-1.1016,-0.3258,1.971,0.9228,-0.9735,1.7815,-0.2239,0.4412,0.8585,-1.0255,-0.4555,0.8152,0.7768,0.6923,-1.6965,-0.5542,1.1111,2.6788,1.2792,1.4646,-1.1583,-0.2195,1.4364,-1.3585,0.3365,0.0708,-1.1721,0.839,1.1262,-0.5634,-0.2225,3.1953,-1.6062,-0.1153,2.0151,0.7666,1.5567,1.9177,-1.6064,-1.0634,2.4423,2.2384,0.5923,-0.4554,-0.0319,0.9634,-0.5298,-0.6091,-0.5478,0.4863,0.4675,4.8451,-0.1591,0.151,1.0884,-0.2377,0.3856,-0.0841,-0.1195
-1.374,-0.4823,-2.0178,-0.9029,-0.7848,-2.0153,0.6411,-0.5475,-2.3642,-1.7049,-1.4508,-0.1654,-0.4302,-1.7004,-1.2042,-4.4455,-1.9148,2.5508,-0.4275,-1.9089,-2.8344,0.1168,0.5245,0.7837,0.8496,0.6623,-0.5855,-0.4457,-1.3436,-2.7626,0,0.8823,-2.2597,-0.0598,0.8247,2.1268,-1.6056,-1.3873,-1.1704,-0.9652,-0.7256,-2.2395,0.1042,-0.6472,-0.7744,1.1843,-0.4221,-0.2429,-1.7018,-0.2267,-0.7175,-0.7162,-0.664,-7.0694,-4.6738,-1.5322,-3.9701,-1.0444,-2.1517,0.6552,-1.2075,-1.0709,-1.0859,1.8755,1.7743,-1.1009,-4.6125,-0.3173,-1.3949,-4.6144,-1.0855,-0.8915,-2.2521,-0.9136,-0.5683,-0.767,-4.0204,-0.1323,0.7989,0.4688,0.9282,-0.1392,-1.424,-0.4232,-1.753,-1.035,1.844,-1.3109,2.1217,-1.1174,-0.865,-0.4192,-2.2169,-0.6647,-0.0617,-1.3537,0.8509,1.7201,-3.131,-0.4859,-0.3355,-0.8759,0.3836,-3.4852,-1.3005,0.0769,-0.3834,-0.1007,-0.5668,-0.0493,-2.2475
-1.3937,-1.2747,-0.6644,-1.6784,-0.7075,-1.686,-0.5168,-0.8637,0.1135,-1.9187,-1.1609,1.3813,0.6509,0.237,-0.1846,0.7427,-3.7482,-1.5054,-0.8024,-0.3863,-1.8621,-0.1688,-0.5,-0.9947,-0.1623,-1.0073,-3.0174,-1.3815,-1.5479,-1.5389,-0.9412,0,-1.9767,-2.9736,-0.2257,-1.4577,-1.8465,-0.6322,-2.1317,-3.0512,0.548,-1.3521,-1.28,0.6959,-0.06,0.2971,0.3327,-1.0696,-2.0168,-1.8654,0.2612,-0.3362,-0.7808,-2.9444,-2.7161,-0.7092,1.5681,1.2162,-1.64,-0.2921,-0.9602,0.0792,-3.314,-0.7156,-2.7262,-2.0807,1.0444,-2.2502,-0.0865,-2.9698,-0.55,-1.0921,-1.3759,-3.2064,-0.9709,-0.1848,-1.6914,-0.9803,-1.2109,-2.3963,-0.3885,-1.2081,-0.3866,-3.1385,-1.4297,-1.8238,-1.3475,-3.4734,-2.1597,-1.6646,-0.7934,-0.8213,-1.7479,-1.3694,-1.4233,0.2236,-1.5238,-0.675,-0.6679,-1.5904,-0.289,-1.1551,-2.0114,-4.807,-0.8763,-1.1049,0.526,-0.4234,0.1248,-1.34,-0.96
0.6403,1.8928,-0.9994,0.5141,0.234,-0.615,0.0314,-1.3982,0.0649,0.9076,0.1325,-1.0356,1.0932,0.0795,-2.0739,-2.8744,-2.2813,2.8462,0.2103,-1.0926,-1.6531,-2.1178,1.9322,1.024,-0.13,-2.4182,2.4813,-0.4568,-0.0024,0.5148,2.4842,1.7284,0,0.6198,-1.3708,-1.9127,1.6287,-2.0137,0.457,1.7867,-0.7459,1.3632,0.8686,0.2676,0.6685,-2.3978,1.008,0.4476,-0.6401,0.5011,-0.4442,-0.6772,2.7033,-1.5701,0.2482,1.2248,0.5137,3.0245,-1.1998,-1.0108,0.124,-0.7336,-4.0826,-1.5645,-2.7231,0.0082,-0.6093,-0.1651,0.1439,0.0529,0.0341,0.0908,-2.0621,1.6092,3.4298,-0.8594,-0.4493,-1.0729,0.5145,2.4985,0.6566,-2.0341,0.5395,3.5203,2.2314,-2.0777,1.4106,-1.0733,-3.2702,0.1198,-0.4393,-0.1806,0.2817,1.7509,0.0766,-0.8208,-0.6522,-0.2351,-0.4057,-0.885,0.5835,-0.326,-0.2466,-0.1099,3.7505,1.3323,1.1743,0.274,1.1694,0.752,0.2995
-0.965,1.8112,-0.8395,2.4333,1.9843,0.4273,0.5653,-0.2576,-0.075,1.0201,0.1746,0.5731,-1.7466,1.1045,0.6979,1.6144,0.1183,1.4383,-0.1787,-1.304,0.3609,-1.7295,1.0107,-0.2043,0.1152,0.7152,1.0118,1.8354,1.4407,-1.3326,-1.5615,1.3101,-0.3288,0,-0.2994,1.2907,-0.5136,0.2893,-0.8483,-1.0122,-1.0188,0.0551,-0.6098,0.1944,0.7232,-2.4174,0.4027,0.6079,1.0429,1.4378,1.42,0.1106,-1.8855,2.3682,-0.9361,-0.2297,0.3188,-0.166,-0.8263,0.932,0.1867,-1.3175,-2.6672,-1.4753,1.4923,0.5694,1.4301,-1.1313,-0.2489,0.2924,0.2768,-1.0889,-0.7064,0.9379,-0.9253,-0.2674,-2.1995,0.1955,1.0531,-0.2294,0.7377,0.002,-2.6387,1.4335,0.9542,0.6006,0.3853,0.3624,0.4754,0.1753,0.7165,0.9776,-1.4272,1.5219,1.6702,-0.0755,1.8945,0.5369,-1.7008,0.0537,-1.0251,0.9525,1.5936,0.6955,-0.2346,-4.3444,-0.1453,0.3231,-1.6646,-0.707,-0.3633
0.3511,-1.0164,0.263,-0.3012,-1.1595,-1.6467,-0.1287,-0.9958,-1.785,-0.8547,-0.8363,-0.0116,0.8091,-1.423,-0.2266,-1.4131,-1.0909,-0.9155,0.1692,-0.2608,-0.9474,-1.4226,-0.4626,-1.173,0.7164,-0.7845,-2.2799,-1.7408,-0.4403,0.914,-0.6987,0.1859,1.2293,-0.8507,0,0.3994,-0.6468,-0.4861,-0.4694,0.2097,-0.4648,-0.4784,-1.2152,-0.3205,0.4024,1.3477,-0.4868,-0.3883,-2.0781,-1.2089,-0.2081,0.2266,0.1619,-0.2049,-1.6837,-0.2562,-1.5236,0.5653,-0.676,-0.7374,-0.9525,-0.0384,-1.0723,-0.7228,-1.2103,-2.9241,-0.757,-0.8973,-0.0334,-1.762,-1.5011,1.0384,-1.1505,-0.9479,0.007,0.5443,-0.4847,-0.8143,-1.8136,-1.8509,0.2503,-1.0867,-0.4497,-1.31,1.4919,-1.5555,-0.2276,-1.0762,0.1688,-2.3592,-1.5675,-0.5829,-1.6998,0.6784,0.4114,0.2768,-1.2408,-0.1225,-2.4189,-1.4964,-1.625,-0.4981,-0.3412,-1.3275,0.0208,-0.8282,0.1133,-2.1879,0.1928,0.8817,-0.066
-0.0027,-2.2413,4.6441,-2.2497,-2.5667,0.2927,-0.4641,-2.1898,0.6904,-0.9464,-2.5891,3.5351,1.7772,3.0097,0.0159,5.099,0.0604,-0.3141,-3.6175,-0.7509,-2.2914,0.3507,-0.5429,-2.1499,-0.5033,0.0677,-1.338,-2.9864,-0.7043,-1.283,-2.5677,0.7155,2.5286,-1.5069,-0.7631,0,0.5013,-1.1687,-0.8597,-1.136,-3.6472,-0.4474,0.6135,-1.8484,-2.0993,0.8744,0.4442,0.7486,-1.9425,-1.4972,-0.2582,-1.4025,-0.6805,-1.5639,-3.2513,-1.6402,-0.6899,-0.2927,0.1117,-1.7396,-1.5283,-1.712,0.7137,-0.1368,-0.2813,-0.6841,4.1387,-1.763,-1.6263,-1.8006,-3.4472,-1.1473,0.2973,0.5565,-0.8813,-0.9433,-0.4057,-0.1049,1.4153,-1.3774,-1.9125,1.6969,-0.2996,-1.2914,-1.9322,-1.3181,-2.7612,0.1492,-0.1593,0.5737,-0.5684,-1.3633,-1.0756,-0.1295,-0.396,-0.5157,3.6191,-0.9912,0.5989,1.0823,0.4908,-3.4951,-0.4924,-1.6076,-0.0063,0.7509,3.3673,-1.2206,1.2501,1.0641,-5.7615
-1.6088,1.6627,-0.1763,-0.1804,1.6287,-1.7607,0.9313,0.5448,0.9234,0.3427,1.7535,-0.5994,-0.2545,0.7209,0.2537,-1.8935,1.4802,1.4997,0.2973,-0.423,-1.4232,-0.361,-0.4408,-0.0073,-0.9375,0.0521,-0.8663,1.148,-0.0989,-0.2215,0.7438,0.5376,-0.2604,0.8195,0.2777,-0.46,0,1.439,-0.2028,-0.4035,0.6165,-0.6591,-0.5093,-0.327,-0.936,0.9647,-0.2165,-0.654,-0.3956,-0.6375,0.8746,0.2774,-3.2664,-1.0424,-2.9532,0.7542,0.6839,0.8482,-1.3113,0.2012,1.8251,-0.6427,-1.99,1.091,0.4445,-0.0399,0.4065,-0.1064,1.3129,-1.9759,2.5675,0.414,-0.0942,-0.5673,0.6738,0.1302,0.6435,0.024,-0.1574,-0.8851,0.5195,0.0487,-0.9893,-0.0149,-0.6758,0.4059,0.5048,-1.6151,0.5955,2.1366,-0.4655,0.7253,-0.3134,-0.7867,-0.1859,-0.2261,-0.3058,2.1021,0.6398,-1.1137,0.0458,0.1505,-0.7935,2.2227,-0.7798,0.7421,0.379,1.5893,-0.0601,-4.1574,-0.394
-2.4254,-2.7871,-1.17,-2.6949,-0.4035,-2.4937,2.9694,0.0731,6.0756,-2.8414,-1.9755,2.3818,-0.4964,3.8689,-0.9898,-1.4222,2.2169,0.5628,-0.3575,-1.9774,0.5741,-0.7025,0.2459,-1.4371,0.6255,-0.0285,-2.1021,1.1193,-1.5471,-1.5324,1.0396,0.5889,1.3727,-2.7954,0.336,-0.0119,-3.4062,0,2.157,-4.249,-1.4131,-2.1927,-1.9989,6.8386,0.1388,-1.9682,0.3462,-1.5349,9.1777,0.8147,6.0123,0.0491,-1.6045,-1.3427,-6.1956,-1.809,0.2704,6.0947,-2.3168,0.121,-1.6122,-3.1201,-3.835,0.0182,0.6452,-4.9838,-0.2254,-1.0489,0.9534,-6.3296,2.9692,0.0094,2.3661,-4.1165,-2.0932,-1.5512,-1.5924,-1.4534,-0.599,-3.0591,-1.0992,-0.1598,-4.0527,-3.1373,-3.316,-3.103,-2.7844,-2.2623,-2.6826,-0.2439,2.1685,-1.574,-2.1905,-1.9801,0.0688,-1.82,1.2054,0.7525,-0.2815,-0.8883,0.7209,1.7297,0.1946,1.3999,-1.7524,-0.341,0.4448,0.3945,-0.7115,-3.1338,-2.9458
-1.0215,1.0369,0.9779,1.7186,-0.4177,-1.2846,-0.5269,0.9265,-2.2911,0.7069,0.9752,-0.1415,0.9695,-0.9722,-0.7774,-2.6915,-3.8043,1.4556,0.002,-0.3171,-0.7534,-0.4012,1.5029,0.5499,0.5797,-1.5392,1.3128,-1.0091,-0.1531,0.7639,1.5001,1.9493,-0.4467,1.2989,0.3991,1.3719,1.8085,-2.7477,0,2.0407,0.2949,0.737,0.8125,0.8678,-0.2503,1.7254,1.8067,-0.2366,-0.806,-0.5965,-0.1676,-0.27,-0.9482,-4.4198,1.2892,0.6604,-0.5848,0.6147,-0.0793,-0.2905,0.448,0.2828,-0.344,-0.0051,-0.1784,1.2813,-0.2828,0.0242,-0.04,1.5066,0.3745,-0.0994,-0.9772,0.1308,2.3825,-0.4033,-0.2432,0.4356,-0.3541,1.5904,0.3211,-1.6936,1.3776,2.0006,-0.8804,-1.2554,0.5439,-0.5072,-2.0364,-1.8365,-0.9707,-0.8772,1.6832,1.7838,0.0965,-2.198,-0.3134,-0.156,0.8377,-0.5882,-0.1355,0.2995,1.0828,-3.4824,-1.3388,0.6401,1.6252,-1.0112,0.1485,-1.2916,0.2512
1.1351,-0.2665,-1.2137,0.8756,-0.2871,-0.1507,0.8777,-1.4915,0.2263,-0.5628,0.0737,-0.5484,-0.5189,0.0745,-2.6696,0.7108,0.9071,2.6116,-2.3432,-1.3233,-0.0289,1.5857,0.2916,-0.3218,0.0814,1.3251,1.0788,-0.6633,-1.2312,-1.9724,-0.9042,0.8372,-1.6507,1.0602,-1.9577,0.7154,0.4418,1.6777,-1.6734,0,-0.6463,-1.2583,1.5205,-2.0324,-0.743,-0.6762,0.2235,0.8883,-0.0245,0.5561,0.6968,-0.5679,-0.1036,2.6814,-0.9986,1.3439,-1.3361,0.2389,-1.2668,1.2528,-1.7551,-0.8419,-0.1619,0.4875,0.6193,-0.3783,-0.066,-2.012,-0.1691,-1.3567,-1.3284,0.6794,0.5467,-0.106,0.0394,-1.3841,0.3111,0.7181,0.7833,-0.8692,0.4621,-0.7513,-0.038,0.4304,-4.073,-0.1546,0.4592,0.7085,1.9844,2.1159,1.5144,-2.0559,-2.3755,-1.5369,-0.6862,-0.5929,1.5218,-0.1499,-0.439,1.9055,0.9087,-0.8454,-0.5474,0.9373,-0.7066,1.8633,0.6309,0.2942,-0.2534,-0.0953,-3.0028
-1.6662,0.2963,0.2077,0.7305,3.0855,-1.3101,1.3445,1.1593,0.594,0.2098,1.0314,0.7713,-3.7856,-1.1009,-1.9391,-1.1869,1.4053,1.2344,0.7541,0.5038,-1.4309,-0.7068,-0.1418,-0.7576,0.5641,-0.4227,0.3556,0.7304,-0.3597,-0.7744,0.8933,-0.8224,0.7529,0.8941,0.3688,3.6683,0.5589,0.9427,-0.265,0.5872,0,-0.1662,0.8965,0.6935,0.451,1.844,0.2537,-0.6636,2.2896,-0.1041,1.018,-0.0176,-2.8639,2.5775,-0.9069,-0.3551,2.5995,2.2601,-1.4134,0.5702,1.0242,-0.5114,-0.6707,0.7073,-1.0572,1.5904,-0.3886,-1.4942,0.1221,0.9093,0.2462,0.7154,0.0114,-0.6229,0.2179,0.1454,0.2609,-0.0863,-0.0985,-0.7567,0.2493,-0.4031,0.9648,0.8032,-0.6091,1.3819,0.7487,-0.8671,-0.2828,1.069,-0.8452,-0.205,-2.0143,1.3376,-0.1206,0.1878,-0.2972,0.7257,-0.5575,-0.3023,-0.2555,1.4946,-0.1027,1.1141,-0.2941,0.2233,-0.4466,0.9379,-0.9701,-5.4722,0.094
-0.9288,1.5091,-0.4236,-0.6834,1.8518,-2.1598,-0.2496,0.994,-2.0429,0.8651,1.0835,1.8903,-0.0058,-0.7972,-0.4957,-2.6659,-0.5043,1.1683,0.0611,-0.7537,-0.8714,-1.149,0.5335,-0.4966,1.3442,-0.6488,-0.724,0.483,-0.3473,-0.8111,2.0129,0.6448,-1.1726,-0.3123,0.1316,0.4688,0.9848,1.1933,-0.3928,0.7629,0.3226,0,-0.9436,0.231,-0.1495,2.0797,0.3637,-0.57,0.4193,-1.2529,-0.1382,0.1379,-0.3614,-2.1161,-2.205,-0.381,-0.0615,0.5424,-0.6094,-0.4969,-0.9074,-1.1948,0.2196,-0.9479,1.1099,-0.6215,-1.5861,0.2812,1.1182,-1.228,-0.2424,-0.0175,-0.5561,-0.707,1.0491,-1.4824,-0.0159,-0.3232,0.3021,0.5662,0.0039,-0.3562,-0.5441,1.3312,-0.31,-0.5225,-0.6813,-0.2864,1.0407,0.8905,-0.8126,-0.6555,0.0815,0.7473,0.5939,-0.4167,0.7013,1.4001,-0.8091,0.0419,-1.3008,1.1497,-0.2716,1.3342,-0.8566,1.0043,0.4474,1.072,0.0364,0.0788,0.1784
0.6317,-0.9839,-0.2872,-3.5297,-2.456,0.406,0.0602,-1.1649,0.1974,-1.665,-0.0609,-1.3022,-2.2683,-4.1679,0.1614,0.2545,-3.5375,-1.4984,0.9059,0.316,-1.0334,2.7038,-0.8925,-0.7928,-0.3873,1.3477,-1.542,-1.0339,0.2426,1.4513,-2.6513,-1.8244,0.1257,0.8412,-0.1208,-1.3326,0.3464,-2.1248,0.4638,-1.5173,-0.6593,0.9939,0,-0.8344,0.2287,0.2398,0.4169,1.7259,-1.5038,0.7488,-1.9684,1.1473,1.5572,-1.8278,-0.9792,0.2993,-1.891,-2.6845,-0.3901,-0.3079,-0.1171,0.6941,1.0095,2.9163,-0.9593,0.006,-1.1967,0.7797,-0.953,-0.7436,-0.4601,-1.401,1.0559,0.4801,-0.2677,1.5561,1.7765,0.4494,0.0749,-1.4251,0.0722,1.7738,-0.841,-1.3667,-0.6787,0.4635,-0.2941,0.9508,-2.2216,0.8964,-1.36,-0.2295,0.7167,-0.3537,0.3639,1.0081,1.8968,-0.7303,-0.6094,1.4671,1.5787,-1.6732,-0.8509,-2.5987,-1.3327,-1.148,1.0781,3.6475,0.6692,2.1831,-0.8051
-2.5187,-1.8389,-0.2776,1.8307,-4.9217,-2.3616,-1.5178,-1.4993,0.3427,-0.6017,-0.5566,-1.4703,-0.2031,-3.9508,-1.4235,-1.3466,-5.4772,0.2832,2.8808,-0.9876,-1.1276,-0.6308,-0.0798,0.7832,-0.7781,0.1288,-0.093,-3.9851,0.1617,-1.1727,0.7638,-0.6733,-0.4694,-1.2464,0.3183,1.4397,-0.1936,-7.0079,-1.0264,0.3134,-0.8605,-0.5853,-0.7332,0,-0.4885,1.8787,0.8802,-0.0908,-2.1415,-0.1736,-0.4502,-0.6437,0.5615,-6.2952,-2.1417,-0.6564,-2.4924,-0.412,-0.9162,-1.3414,1.5352,-0.7025,-1.7696,-2.0198,-0.4031,-2.0024,-2.4892,0.1808,-0.9569,-1.9211,1.9574,0.8379,-0.0679,-1.5313,0.375,-0.6354,-1.6614,1.1026,-0.7757,1.6036,-1.285,-0.8772,-1.956,0.8539,-0.4063,-0.9592,0.3029,-0.5952,-3.9337,-1.2556,-1.8584,-4.2357,-2.0489,-0.4312,0.7308,-1.8308,-1.5622,-0.03,1.2002,-0.826,-0.5934,0.646,-0.6702,-5.0062,-0.5028,-0.718,0.3526,-2.4418,0.6422,-0.6905,0.7572
-0.0093,-0.5459,0.7523,3.177,0.332,-0.0985,1.8171,0.4435,-0.8974,1.1341,0.3843,1.5013,-0.1163,2.6319,-0.073,-1.1084,0.5636,0.6211,1.043,0.0421,0.0223,-1.1234,-0.1163,0.0915,0.0173,-1.5578,0.0431,1.0692,0.8344,-1.5747,1.0662,-0.3123,-0.669,0.1024,-0.5792,2.5922,2.4955,-0.7892,0.2442,1.4577,-0.4381,0.5275,1.2303,0.2314,0,0.4023,1.1498,0.7755,-1.4026,-1.0159,0.1985,-0.3701,-1.6124,-2.9024,1.3717,0.9253,-0.4246,3.2761,-1.2659,-0.3472,1.4012,0.5143,-2.2514,1.5745,-0.561,0.1454,1.6203,1.5176,0.7578,2.1153,1.2867,1.0414,-0.3404,1.0437,2.5229,1.4817,1.8382,-0.1759,-0.1616,0.1304,1.1816,-1.0615,2.6662,1.2101,0.2021,-0.3953,0.403,-0.8426,1.1673,-0.389,-1.5511,-1.5038,1.1712,2.2121,0.5717,-1.1362,-0.578,0.1586,-0.4489,-0.3798,-1.4525,0.3843,0.4453,-1.631,-2.1103,1.634,1.4918,-0.4954,0.2476,-0.1747,0.3774
1.6629,-2.1936,0.5591,0.9476,-2.0184,-1.0386,-0.0756,-1.2222,0.0444,-1.7575,-0.6984,-0.6351,1.2691,0.9388,-1.4896,2.8143,-1.7762,1.2783,-2.0989,-1.2028,0.4155,2.8122,0.6009,-0.2171,-1.2958,-0.1415,0.036,-0.691,-1.8887,-2.2398,-1.7053,-1.5126,2.9652,2.093,-2.0335,-0.8725,-0.408,0.722,-1.447,0.3874,-1.8478,-2.1275,-0.2291,-2.6171,0.0636,0,-0.4101,0.2162,-0.4889,-0.0386,0.1077,1.7415,1.2269,-0.2305,-1.2306,0.1496,0.2763,1.2714,-0.9601,-0.1524,-2.6627,-0.995,1.685,0.7481,-0.8779,1.1532,2.4021,-0.9831,-0.6115,-3.3533,-2.7274,-0.5076,1.6551,1.2105,-0.624,-0.8166,0.295,0.0657,0.3576,-1.398,-0.5091,0.0446,1.4671,-0.5164,-4.9224,-0.4151,-0.0038,0.3701,-0.8791,3.8341,2.1036,0.5779,-2.3248,-2.2002,-2.6402,1.0454,3.0598,-0.9151,0.244,1.8704,0.6771,-0.444,-1.072,0.4221,-0.4136,2.9481,2.5244,1.4512,0.7304,-0.6285,-4.4446
-2.4078,-0.5401,-0.6867,-0.616,-0.4543,-2.1975,-0.6487,0.1697,0.1362,-0.7008,-0.584,0.0482,-0.0908,-0.2901,0.048,0.3832,-1.6796,0.0876,0.5549,-1.3843,-1.2811,-0.6086,-1.0787,0.0275,-0.1028,-0.151,-1.658,-0.6234,-0.0788,-1.148,0.4106,-0.63,-0.7708,-1.2613,0.5103,-0.6026,-0.2639,-0.8269,-1.4778,-1.4316,-0.0806,-0.5133,-1.5857,-0.9085,-0.8228,0.1133,0,-0.1899,-1.719,-0.8967,0.0688,0.3623,0.6176,-2.2804,-2.2182,-0.2862,-0.7081,0.298,-1.4775,-0.1445,1.1574,-0.4122,-2.7372,-0.3907,-1.071,-2.2158,-0.0334,-1.8043,0.6808,-2.2027,0.8329,-0.8181,0.2931,-2.0185,0.8633,-1.1471,-0.2154,-0.0441,-0.2898,-0.2582,-0.1554,-0.4857,-1.414,-0.1248,0.5696,-0.2077,-0.5864,-1.8986,-0.1051,0.5404,-1.085,0.3815,-1.8594,-0.5936,0.5744,-1.4018,-1.4977,-0.1192,-0.9425,-1.7073,-0.012,-0.7435,0.0981,0.569,-0.0059,0.4172,0.1174,0.1229,-0.0772,-0.7418,-0.5336
-0.118,0.1992,-0.4827,-1.2681,2.1582,-0.4507,0.6021,0.831,1.0465,-1.1298,-0.5185,-0.5474,-0.3648,-1.0711,0.7171,0.4226,0.8721,-0.4934,0.909,-1.2166,0.3611,0.0182,0.2028,0.3568,0.2651,0.0752,-0.0041,0.6514,-0.1724,0.2766,-0.1741,0.2508,-0.0281,-0.8031,0.0591,-0.7552,0.8001,0.3046,0.9014,-1.1548,1.0432,0.6019,-1.7239,-0.2879,-0.1488,-0.2109,-0.0369,0,0.01,-0.6876,-0.237,0.1199,1.0666,-0.1366,-1.3271,0.4277,-0.4359,0.1475,-0.276,-0.1711,-0.1211,-0.2281,-0.9029,0.8102,0.4834,-1.2574,-0.0582,-0.3562,0.0828,-1.0251,2.0658,0.0161,1.4465,-1.5028,0.9184,-0.0524,1.7353,-0.7496,-0.7421,1.1602,0.8599,-0.5531,-1.4647,-0.0178,1.288,-0.5573,-0.5773,-1.085,-0.8168,0.3358,0.0952,1.4396,-0.4228,-0.0266,-0.4058,-0.3038,-1.932,-0.2744,1.6215,-2.2027,-0.1091,0.8361,0.3235,1.7697,0.7103,0.1276,-0.1298,0.634,-0.0737,-2.5473,-0.6813
-1.7115,-0.9692,-5.2627,-2.7569,-9.2221,-1.7979,-3.3609,-1.382,2.9128,-0.9318,-0.4504,-0.0557,0.8941,1.0705,-1.3936,-0.46,-9.7027,0.7821,-1.0457,0.3036,-2.868,-2.9102,-0.1713,-0.9388,0.1774,1.6143,-1.8412,-4.7607,-0.4856,-2.5755,1.4968,1.995,0.1751,-2.8397,1.9358,0.984,-1.1272,-9.1789,0.3992,-2.2631,-2.5968,-1.215,-1.4913,2.0716,0.8318,-0.6077,1.3553,-0.8395,0,0.2149,2.45,0.1199,-1.5519,-4.6983,-5.1109,-1.5904,-0.3436,0.5099,0.5356,0.2072,-0.8712,-0.1163,-2.9609,-2.8226,0.3551,-1.3704,1.5977,-1.0326,-1.3128,-4.9202,-1.4761,-1.3117,-0.2742,-3.9132,-0.6581,0.7141,-2.779,-0.8237,-0.1085,-2.5209,-0.3012,-0.5105,-1.3003,-1.4764,-1.5399,-1.0416,-1.3455,-0.6226,-8.2965,-2.6927,-1.2424,-3.8972,0.7668,-0.0992,0.9346,-1.1642,0.6073,0.0123,-0.786,-1.9626,-0.6062,-0.521,-0.5099,-10.1375,2.4558,0.1757,0.1437,-1.5073,0.3109,-2.0236,-0.2716
1.032,0.1008,-1.5935,0.8696,-1.396,0.8912,-1.2815,-0.3166,-0.8954,0.4738,0.6131,0.5838,2.908,1.7872,0.5047,1.5973,-0.5195,-0.7685,0.9316,0.3386,0.0032,-1.045,-1.8382,-1.2209,-0.1219,-0.6682,0.0818,-0.862,0.2111,-0.2013,0.1028,0.9992,-0.5972,-0.6751,0.6423,1.8656,2.0228,-2.1884,0.5773,0.4006,-0.0025,1.4142,0.7175,-0.476,1.0442,0.3406,0.8735,1.023,-1.4256,0,-1.2341,0.3708,-0.03,2.3688,0.6825,-0.0359,-1.7484,0.8168,-0.0768,0.5182,0.8161,0.6526,-1.6482,-1.4142,-0.6358,1.3534,2.0995,-0.4306,-1.2244,1.8154,-0.1935,0.4125,-0.7451,0.3407,1.7479,2.1842,1.034,0.661,0.5503,-1.6888,-0.3355,-0.9633,2.6696,1.6763,2.5345,0.9986,-0.3431,1.009,-0.2181,-0.4553,1.1607,-0.6941,-0.5039,1.4429,0.7627,-0.8679,-0.2449,0.2403,-1.4981,0.4731,-0.4019,0.0646,2.0995,-3.1846,0.3002,-0.1925,0.9236,-1.6003,0.4964,1.1535,1.2747
-3.62,-0.5584,-3.9851,-1.0516,-8.526,2.4506,-1.2886,-0.389,-0.6426,0.7954,-0.4981,0.5987,2.8903,0.376,0.4085,1.6982,-4.9172,-0.8554,-1.9483,0.8483,-1.2579,-0.7413,-1.4243,-0.8194,-1.2117,0.8706,-2.1338,-4.4397,0.5275,-1.2481,0.9277,-0.2114,0.2553,-1.8776,0.2523,0.1607,-0.6751,-6.1385,0.0178,-1.4213,-1.1081,-0.063,0.7555,0.4562,-0.4353,-0.396,0.091,0.0868,-2.5349,0.5574,0,1.4059,-0.7475,-0.5129,-2.032,-0.358,3.2187,1.2,-0.166,-0.0452,-1.2343,-0.0105,-0.2236,-4.0001,-0.8391,0.2871,3.0497,-1.3766,-0.5445,-3.381,-2.0303,0.8072,-0.7334,-1.8155,-2.2236,1.5832,-2.2537,0.0162,0.1985,-3.1113,-2.7932,2.5439,0.7218,-1.671,-2.4754,0.0606,-0.0165,1.2423,-3.8631,-0.2477,0.7995,-0.7257,2.9682,-0.3466,0.7164,0.3794,1.4391,-0.5281,-1.2727,-0.4934,0.7432,-2.2098,-0.701,-8.3132,-0.7794,1.5311,1.0699,-0.5099,0.1452,-1.4005,-1.9551
-0.6101,0.9769,-0.2028,-0.7892,0.4301,-2.0936,-0.1441,0.3031,-1.1535,0.2287,-0.8105,-0.6461,-0.1439,-0.6918,0.1275,-2.8965,-0.2103,0.329,0.6957,-2.0178,-0.0904,-1.1169,0.2293,0.3218,1.0585,-0.2918,-1.0598,-0.0459,-0.0425,0.1358,0.783,0.1788,0.7148,-0.8685,-0.2702,1.2381,-0.2993,-0.4176,0.3746,-0.4814,0.0202,-0.3115,-1.7165,0.62,0.4157,-1.8621,-0.301,-0.2638,-0.3659,-0.6111,-1.4377,0,0.5731,-3.0131,-2.8592,-0.5862,-0.5029,0.4403,-1.3156,0.2654,-0.9078,-1.2586,-2.0296,1.034,-0.3399,-1.8151,-1.8875,1.106,-1.3448,-2.5387,0.1255,0.0986,0.4264,-0.451,0.5589,-0.7224,-0.7291,0.1531,-0.6145,0.8022,-0.1999,-1.3759,-1.3119,1.076,0.9003,-0.1965,-1.5571,0.1826,0.2178,0.3262,-0.9487,1.3137,0.0636,0.9367,0.0578,-0.592,-0.4641,0.1201,0.1824,-0.1352,-1.4046,1.2657,1.0335,1.166,-0.2192,0.0099,-0.359,0.6542,0.1635,-0.3228,0.4574
-0.9854,2.6567,-0.581,4.212,0.6482,-0.7028,-1.4069,-0.6651,-1.3997,-1.3194,1.5567,-0.894,-0.1413,3.5591,-0.1234,-3.9153,1.1358,0.3752,0.5559,-0.7297,0.142,-0.911,-0.7108,-0.0793,-0.7692,-1.4421,2.287,0.1415,-0.1021,1.2827,0.5418,0.0607,-2.8025,1.9519,-0.6426,0.9087,3.9688,0.6719,1.0459,0.5103,2.8994,0.4733,-0.4222,-1.1077,1.7366,-0.9981,-0.6582,-0.7235,0.7625,0.0313,0.385,-0.8119,0,0.2625,0.3399,-0.4429,-0.7705,1.1863,-2.9857,0.7327,2.5471,-0.3877,-2.4532,-0.9882,0.582,1.4337,-0.5071,-0.3369,-1.1801,0.5928,-2.5589,-1.341,-1.1125,1.9961,0.5546,-0.56,-0.4573,-0.4654,-1.3228,-1.1989,-0.8426,-0.6888,2.9714,2.9913,1.3682,-1.3986,-1.7318,-2.7388,-1.6189,0.2463,-0.3686,0.3076,-0.5195,-0.7393,-0.8915,0.5152,1.4433,-0.249,-2.9561,0.6518,-1.1914,0.3332,0.5707,-2.9529,-1.6662,0.5168,-0.0727,-0.687,-0.4567,-2.0095,-0.5086
-1.9448,-1.5268,0.0722,-5.3277,-4.6419,0.5279,-2.9493,1.1289,1.3861,-1.9239,-2.8738,0.1401,1.2037,-0.1222,1.3181,-1.9651,1.2199,0.7932,-0.6878,-1.683,0.7601,-0.9741,0.4838,0.9592,-1.8616,-2.1259,-1.6758,0.3862,1.6976,0.0929,6.8808,2.9269,1.4299,-2.8025,0.2124,1.301,0.6152,1.2111,4.3068,-3.215,-2.6201,1.7248,0.3427,6.3254,2.5325,-0.1071,2.2577,-0.0807,4.6805,-2.71,0.527,2.9365,-0.5863,0,-4.1557,-3.1211,-0.4064,0.7927,-1.8164,-3.5107,-0.1358,-2.735,-1.7343,-0.2443,2.1096,-3.3538,-1.2182,-1.1554,0.7805,-3.4404,-0.4746,-1.6474,-0.7832,-0.2364,-0.0692,1.4228,-2.6943,1.5064,-1.5897,-1.4783,-0.28,-0.0756,-2.0792,-1.3438,-2.5891,-4.9151,-0.1784,4.3352,0.8203,-1.0337,2.9574,-0.0876,3.246,-1.527,1.8329,-1.2329,0.7789,1.2188,-1.3725,-0.1766,-1.0893,1.0657,-2.3066,-1.7682,2.8798,0.0439,1.6142,7.4561,0.0334,-2.5472,-4.2572
0.7824,1.5039,-1.2933,2.2951,4.5337,0.2693,-0.2314,-0.3754,-0.3183,0.5106,2.7615,-0.997,-1.4754,-1.1706,0.1636,-1.217,1.1193,0.5457,-1.1956,-1.4991,-0.0143,-0.5321,-1.2957,-0.5429,-0.5711,-1.1157,-1.1192,2.0923,-0.4596,-1.0328,0.7117,-2.2836,-1.0649,0.1153,-1.7023,1.9801,1.698,0.4993,-2.0254,0.4574,-0.6186,0.4942,0.5671,-1.5958,-1.6582,-0.064,-1.0974,-0.8486,0.775,-0.6484,0.0313,-0.3452,-1.1285,1.4682,0,-0.1384,-0.752,-0.951,-0.5052,-1.0187,0.5345,-0.651,-0.8931,0.5915,-0.3685,-0.5508,-1.256,-0.8106,1.2158,1.3613,-0.5095,0.4195,-1.3146,-0.5762,0.8828,-0.8184,-0.1612,0.3923,-2.1766,-0.7295,-0.1496,-0.2458,0.8748,-0.1111,1.45,-0.0054,1.0076,-1.6415,0.585,2.1711,-0.4391,-0.0745,-0.2825,1.4733,-0.2751,0.712,-1.844,0.1792,-0.7454,-1.2867,-1.3716,1.1675,-0.4387,2.2592,-1.0172,-1.7477,-1.1492,-0.7839,-1.7754,-0.8123,1.9954
0.0782,-1.8932,1.0074,2.9234,2.7503,-1.1038,-0.3796,-0.9908,-0.7451,-1.1454,0.2762,-0.9288,-0.892,-0.0626,0.3851,0.4362,0.8509,0.7429,-0.7917,-0.6539,0.7199,-0.9018,1.3485,0.3282,0.771,-0.6362,1.1886,2.082,0.0852,-0.384,1.2965,-0.0016,-1.075,0.0016,-0.0966,1.649,-0.063,0.7821,-0.3785,-1.3735,0.4928,0.3821,-0.2665,0.2912,-0.6465,-0.1464,0.1405,-0.3744,0.8322,0.2028,0.1696,0.414,0.5523,3.0805,-1.7524,0,-0.7135,-0.3989,-0.6308,1.895,0.9579,-0.8067,-1.5596,0.8175,3.3425,-2.31,1.026,-2.3472,1.7346,-1.3205,2.0846,1.0985,0.0033,-0.9142,2.0318,-1.0745,-0.7426,0.2345,-0.7089,0.9604,1.9026,-0.78,-0.7654,-1.1958,-0.4222,-0.8381,0.4908,-1.31,0.9771,2.1543,0.3391,-0.478,0.8061,0.9442,1.5241,0.907,0.2723,0.2796,0.2647,0.734,-0.3862,0.2284,0.1971,1.8426,0.34,0.5944,-1.006,-0.6997,-1.4308,-1.3415,1.2949
0.6051,1.7146,-1.332,1.4012,-4.2988,-0.6064,-0.1325,-0.1219,-2.4084,-0.2435,-2.2276,-0.6116,0.4525,-3.1398,0.1713,-3.138,-1.5035,-1.3177,0.1657,-0.3994,1.4423,-0.2809,1.7481,-0.2576,0.2407,0.2539,-1.4626,-1.4913,0.5884,0.5341,3.9467,-1.5652,-0.666,-2.0827,1.505,0.4587,-0.7959,-0.3748,0.4442,-0.0452,-2.6858,-0.267,0.4391,2.4872,0.1888,-0.6278,0.7333,0.1184,0.2792,1.0625,-3.231,0.4639,0.2166,0.4013,-2.4294,0.3253,0,-1.4999,1.1246,-1.3631,-0.6375,-0.6283,-0.3434,-0.9731,0.7361,-1.9782,-0.5788,-0.3923,0.0494,-2.5955,-0.7376,-0.106,-0.8001,-4.4569,-0.2438,2.1306,-0.8479,0.2007,0.9885,-1.3423,-0.7453,-1.5513,-1.7253,-0.4738,-0.0766,-1.8346,1.7093,-0.0011,-3.2319,-3.5013,0.1006,-0.7179,2.6268,-0.9692,0.9618,-2.1445,0.2428,-0.2916,0.4219,-1.9286,-2.4303,0.3706,-1.9401,-4.1514,-0.2137,-1.7834,-1.633,-0.8031,-1.0891,-3.1028,1.5236
-4.3988,-0.1897,-3.3745,0.5626,-5.0032,-1.2335,-1.3655,-0.2378,-0.151,-1.9202,-0.4162,-1.697,0.0057,-0.8155,-0.4572,0.2766,-7.6374,-0.3203,-0.0263,-1.2062,-2.1486,-1.5045,-1.7535,-1.5973,0.1463,0.4201,-2.3154,-2.5818,-0.6352,-1.4433,1.0556,-1.4172,-2.7049,-1.0617,-0.4532,0.0076,-1.7218,-7.0476,-0.0955,-1.8268,-2.0259,-0.7548,-0.0341,0.6567,-2.903,-1.6119,-0.2901,-0.4874,-0.6644,-0.7967,-0.9296,-0.3091,-1.1988,-0.5827,-3.3299,0.1688,1.8168,0,-1.4258,-0.1523,0.264,-0.3192,-2.4705,-1.8406,-1.7533,-1.8343,0.3494,-1.923,-0.6069,-3.4902,-2.4221,-0.3558,-0.7897,-2.9102,-0.6923,0.9545,-0.8205,-0.1322,-1.1012,-1.606,-1.249,-0.2271,-0.1807,-3.3259,2.0574,0.9314,2.2443,-2.4754,-4.7055,-0.0071,-0.2093,-2.1487,0.8635,0.4279,0.6612,-0.9072,-1.4945,1.1115,-1.4904,-2.0756,-0.2728,-2.578,-1.1762,-6.3586,-1.9236,-1.0936,-0.1829,-1.7414,-1.3087,-1.3378,-0.5295
-0.1413,0.9358,2.8168,2.3735,1.9426,-1.6528,-0.0396,0.4953,-0.4192,-0.2924,0.2332,-1.2109,-4.2325,-1.4218,-3.266,1.1743,1.3691,1.1557,-1.7878,0.7292,0.2886,1.5412,1.1169,0.2989,0.2894,-1.6435,2.5229,0.9772,0.0996,0.3581,1.5972,0.2876,1.0795,1.2785,-0.2359,0.0193,2.6569,0.6735,-0.0677,1.8703,1.1749,0.5806,1.6586,-0.1027,1.2986,1.0485,1.073,0.417,-2.1953,0.0552,-0.6668,0.7582,2.9841,1.1455,0.7918,0.579,-2.1706,0.945,0,-1.6379,0.3032,-0.3688,-0.8979,1.4394,0.4035,1.014,-0.5538,0.318,1.1131,1.5474,2.3001,0.7145,-1.3205,-0.7759,1.0221,-0.3218,0.7969,1.0553,-0.0073,1.1996,1.2083,-0.807,-0.4836,2.6357,-2.9144,-1.3225,-0.1477,0.2083,0.8808,2.2378,1.1154,-1.5178,-1.0078,1.4393,-1.4666,-0.9581,-0.7006,-0.4603,0.1255,0.8418,-0.1634,0.3032,-0.0604,0.8539,1.7148,-0.0571,1.5856,-0.5176,1.7366,0.9622,0.38
0.6045,-0.5697,-0.0855,-1.0453,-3.383,0.1655,-0.1665,-0.2584,0.3821,0.4799,0.7271,0.0243,1.67,1.458,0.5317,1.347,-1.5819,-1.4938,0.4842,1.0002,1.8171,1.4108,0.1563,1.4515,-0.4359,1.1393,-1.6556,-0.1433,0.3357,-0.4969,-0.4097,0.0934,0.9953,-0.9034,0.6621,1.8611,0.5108,-0.5137,0.3036,-1.1505,-0.5696,0.5463,0.3881,1.249,0.3281,0.2045,0.3587,0.3277,-0.5398,-0.7176,-0.068,-0.2261,-0.8201,3.5093,-0.4665,-1.7483,1.2946,0.4714,1.131,0,-0.8778,1.511,-0.792,0.3513,0.2085,-0.8265,1.9571,-0.8977,-0.8656,-0.9781,-1.4294,-0.1368,2.2269,-1.0339,0.1266,1.5566,-0.5429,-0.2877,0.3569,-0.8455,-1.0438,1.713,0.6813,-0.5423,-0.5601,0.1412,-1.789,-0.4625,-0.0099,0.325,-0.6546,1.4398,-0.4525,-1.6908,1.5748,0.225,-0.4748,0.0884,1.5788,-0.2468,0.8911,0.8235,0.6415,-1.6443,1.2516,-1.1043,0.1996,-0.1789,1.0852,0.2959,-0.6746
0.2946,-0.7868,-1.141,0.6017,0.8464,-0.0637,0.1247,0.6708,0.7562,-0.0957,1.1713,-0.7948,-0.2098,0.9883,0.8962,1.6856,-0.4406,1.5472,0.2706,-1.2201,-0.5371,-0.4161,1.6246,0.2959,1.3579,1.9039,-0.3101,0.0407,0.5367,-0.675,1.1559,0.4626,-0.0398,-0.2918,0.7258,1.5875,-0.7787,0.9081,-0.3078,1.3214,-1.0178,0.9134,0.1974,-1.9852,-1.2815,2.567,-1.1514,0.2299,0.2868,-0.832,1.1141,0.8338,-2.5517,-0.019,-1.911,-0.9085,0.4132,-0.2301,-0.5347,0.9143,0,-0.031,0.5947,-1.0914,-1.6203,-0.319,0.6871,-2.0051,0.309,0.1431,-0.3679,-0.1501,1.0775,0.012,1.0842,-0.6762,-1.1958,0.1533,1.1302,-0.3384,0.2336,1.4828,-0.8413,-0.0949,-0.3421,0.8491,-1.2651,0.5754,1.0876,1.7786,0.2856,0.6484,-1.8434,-2.2337,1.0294,0.0572,0.5018,1.2041,1.2875,0.5846,0.2188,1.0182,2.4215,1.8402,0.5927,-0.581,-0.4376,-0.3307,0.0003,-2.3625,0.0394
1.3551,0.52,0.5412,0.9373,1.7643,0.3081,-0.2145,0.132,1.2145,-0.9305,0.8083,-1.0606,-0.931,-0.8534,-0.2358,1.5688,-0.218,-1.0412,0.8609,-0.7075,1.2556,0.0581,0.1316,0.5407,-0.2308,-1.1387,0.4923,2.1428,0.3221,1.3119,0.6798,-1.2118,0.7037,1.5897,-0.6388,1.8307,1.9615,1.7831,-0.313,1.2896,0.3374,1.2274,0.4121,-0.0415,-0.4867,1.0989,0.1527,0.446,-1.1238,-0.6431,-0.5538,0.8542,0.3693,2.341,0.3805,0.82,-0.0301,0.0219,0.342,-1.838,-0.0979,0,0.4827,2.2184,0.3547,-1.0546,1.7687,0.8028,0.2871,0.7999,0.276,-0.0619,-0.3406,-0.9466,0.7139,0.7813,1.3023,0.0018,-0.4316,0.4408,-0.2896,-0.3689,1.453,0.6777,-0.6506,0.4726,1.2044,-0.0886,-0.2736,-0.2546,0.2423,1.7621,-0.5986,0.6067,-1.0636,-0.2154,-2.6816,0.093,2.5195,-1.7507,-0.0818,0.5373,-0.2353,-0.2554,1.3718,0.0066,-0.1652,1.0164,0.7872,-1.1122,0.4131
-0.9253,0.4637,2.6677,0.7691,1.9356,2.6706,0.1182,-0.1281,0.0152,1.9209,0.3303,-0.8969,-0.3654,1.5324,-1.4425,-1.6187,1.2782,2.006,-1.4973,0.6437,2.0277,1.034,0.714,0.5496,1.8828,-0.219,3.5048,0.8487,0.3945,0.3311,0.6524,2.0379,3.8344,3.7447,0.0593,-0.1867,4.434,2.1499,-0.0528,2.0971,0.2102,-0.0099,2.0478,0.7066,2.0371,-1.1943,2.4838,1.4228,1.5151,1.5797,-0.823,1.4052,2.3645,0.9253,2.703,1.6848,-0.8008,2.2194,1.0005,0.2299,-0.7997,-0.409,0,3.2165,2.4932,1.3166,0.3746,0.949,-0.0443,2.3466,1.0105,2.0972,2.8134,0.1088,3.2595,0.4904,2.4924,2.3714,-0.8688,0.8693,0.5666,-0.5572,0.4224,1.5502,-3.4159,-0.6615,-1.1324,0.4648,2.2909,1.7575,1.8943,-0.8465,2.1357,1.8829,0.8134,-0.0941,0.8083,-0.422,2.1956,0.9039,1.4062,-0.085,-1.0506,0.7754,-0.5812,2.6811,2.8407,-0.4693,0.1268,-2.0827,-0.4279
-1.9287,0.5089,-0.7161,0.8254,0.6471,-2.2772,0.2694,-1.1659,1.7314,-0.6921,-1.0648,2.2312,0.3355,3.5026,-0.63,1.8933,2.2264,0.4455,0.1036,-1.1894,-2.1994,-0.4597,-0.1473,-1.0932,0.7135,0.6576,-0.6899,0.077,-0.8576,-1.1903,-1.7723,0.6999,1.3841,-0.53,0.7185,-0.2606,-1.8502,-0.1258,-0.098,-2.1443,-0.9014,0.3183,-4.14,2.0671,-1.7532,-1.2728,0.3087,-1.3476,2.8292,0.7908,4.0692,-1.091,0.4598,0.2468,-5.2472,-1.3483,0.9962,1.8058,-2.4701,-0.4284,0.6734,-3.0024,-4.3559,0,1.4606,-2.5544,1.7297,-1.4316,-0.3863,-3.3523,1.7605,0.1897,2.4377,-2.157,-0.6358,-0.6539,0.7013,0.5641,0.1733,-0.7644,-1.3453,-1.5388,-2.8948,-0.6722,-0.6126,-0.3737,-2.4078,-2.3417,-3.0827,3.4806,1.1965,-0.4653,-0.9998,-0.1405,0.9247,-0.1923,0.1828,0.0594,0.2783,-1.1647,-0.0788,0.0232,0.3808,1.9912,-0.0298,0.2583,-0.6293,0.8335,-0.1452,-2.9927,-1.0065
-3.2381,0.0889,-0.8924,-2.5022,1.0581,-2.9072,-0.3414,-0.6159,1.9196,-0.0978,-0.0482,1.3922,-1.1769,2.2905,-0.5882,-0.642,-0.0572,0.8438,-1.6704,0.7252,-0.3781,-2.2034,1.1559,-0.3613,0.4508,-0.6703,0.6097,-2.3003,-0.0083,-0.8689,-1.5135,2.6143,2.6828,-1.6248,1.1655,0.3933,0.1058,-0.993,0.1828,-0.9495,1.023,-1.0507,0.4733,0.3321,0.5223,0.7293,1.1835,-0.399,-0.6186,0.3513,0.8111,0.3632,-0.7513,-2.1593,-1.5862,-3.1831,-0.8053,1.9585,-0.8873,-0.2066,1.4909,-0.6665,-3.0545,-1.5341,0,0.3935,1.8582,-0.8625,1.3523,-1.6091,5.462,0.2097,1.1634,-0.6001,-0.0543,0.8203,-1.4548,0.2986,0.7376,2.3354,0.7689,-1.0043,-1.0934,1.9052,0.8707,0.2742,-1.8327,-0.2256,1.0666,1.3002,-1.0523,-1.5737,-2.8968,2.6173,0.2695,-0.4382,-0.1113,-0.3058,0.1674,-1.5553,-1.248,0.4476,0.3282,-2.1233,1.2585,0.5119,1.683,-1.0867,1.1067,-2.4197,1.843
-1.4261,-1.4174,0.082,-3.9939,-1.591,3.0518,0.6134,0.4142,-1.6281,-0.4462,-0.2603,-0.3937,2.206,-0.1494,2.0823,0.2403,-0.7309,-2.3147,0.0225,0.9847,1.6069,1.1483,-0.3753,-0.6729,-0.8635,1.1753,-4.1373,0.3551,-0.2993,0.9726,-2.3469,-2.5435,0.5992,-0.7886,0.8464,-1.0769,-0.6807,0.5889,-0.6681,0.3002,-2.2126,-0.0184,-0.1974,-0.079,1.4202,-2.2931,-0.3089,0.4886,-3.0133,-0.1734,-2.6462,0.4386,-1.3294,1.965,0.5184,2.2785,0.4136,-1.5737,0.185,0.5381,-0.0643,2.2456,1.8795,0.0608,-1.7869,0,-0.3904,1.5846,0.8034,0.8251,-0.3331,1.317,2.7231,-3.0642,-1.7897,2.1461,-0.4253,0.6437,-0.8526,-1.1643,0.2727,0.1957,1.0105,-2.7081,0.039,-0.2494,-0.249,-0.1189,0.8031,-0.1605,-0.0807,2.2141,3.7911,2.0741,0.7438,0.423,0.6751,-0.1063,0.4589,-0.618,-0.3489,-0.5769,-1.5542,-0.34,-0.3735,0.3063,0.363,-0.1039,-1.4608,0.9321,-0.4254
-1.1285,1.1514,-1.8502,1.1003,-6.3441,2.2711,-3.2286,0.4863,-2.3808,-0.6114,-2.9509,-0.8104,0.8785,-0.2394,1.3151,-2.916,-2.8796,-3.2092,-2.018,1.691,2.9526,-1.5253,-0.7441,0.4649,-1.0242,-0.0858,-4.3109,-0.92,1.9569,1.8966,4.6095,-1.3791,0.7905,-1.9478,0.7445,-3.989,-0.514,-0.2115,0.5751,-0.9585,0.4981,1.3977,-0.0412,2.5637,-1.411,-2.4977,0.0422,-0.0799,-2.0473,-2.1775,-3.1784,1.932,0.3735,1.2815,-1.252,-1.1204,0.6116,-0.307,0.1152,-1.8705,-0.7081,-1.9673,-0.769,-1.8758,-1.8209,-1.8097,0,1.3072,1.9729,-3.1057,-1.1057,1.1858,-0.6985,-1.1593,0.3335,5.7551,-2.2692,0.6822,-0.5105,-2.9011,-1.5854,-1.7319,-1.0336,-1.4039,1.4396,-1.8751,1.4926,0.9685,0.4955,-4.4677,-1.9146,1.686,4.4926,-1.564,1.9018,-1.886,-1.3497,-1.451,-0.3278,-4.0768,-2.9747,0.2012,-3.2366,-3.4793,-0.636,-0.4157,-0.4281,-0.1082,-1.5763,-7.9335,0.688
0.5649,2.0114,-0.5155,2.65,3.1679,-2.8746,0.8091,-0.9501,0.3459,0.9258,0.5015,0.1354,-0.7543,1.3236,-0.1899,-1.6623,3.2864,3.568,-1.2751,-1.735,0.1901,0.5589,1.375,-0.3216,2.7912,-0.8429,1.4598,1.4731,-1.2687,0.4347,0.617,2.122,0.1616,1.1045,0.8513,1.9889,1.2801,0.681,-0.0048,1.8298,1.4863,-0.0371,-0.0294,-0.3273,-1.5153,1.0987,2.0204,0.6848,0.7435,0.2724,1.3024,-1.0174,0.2708,1.1143,-0.455,2.3545,0.2976,2.2608,-0.6035,0.8992,1.9956,-0.922,-1.4192,1.3614,0.8604,-1.1172,-1.1032,0,0.1402,-1.2419,1.2216,0.1619,-0.1159,-0.8551,0.5259,-1.8421,-0.5949,0.307,0.1484,1.9844,1.2179,-1.5582,-0.682,1.6582,-2.6325,-0.5656,1.1197,-1.557,0.1513,-1.6265,-0.2293,0.7272,0.1915,0.8896,-1.2344,-1.3188,3.142,0.4425,-0.4889,1.8304,-0.5046,-1.2496,0.2759,1.002,-0.8293,0.6532,0.5735,-1.7839,0.2928,-1.105,-2.0634
0.2264,0.6372,-0.285,1.085,0.831,-1.5837,0.033,-0.2357,0.977,-1.3144,-1.3267,0.1669,0.1518,-2.144,0.7833,-1.2396,1.0039,0.1786,-0.0069,-2.1408,0.9521,-1.1933,0.1794,0.6672,0.5662,1.4926,-1.8577,-0.8149,-0.6691,-1.2494,1.4149,0.0173,-0.1729,-0.9887,0.0335,1.2312,-1.7148,-1.1912,0.0664,-1.313,-0.1672,-1.4037,-0.7246,0.9967,-0.7957,0.1302,-0.6678,-0.4612,1.2466,0.7809,0.6065,1.3113,0.8106,-0.7612,-5.0166,-1.9868,-0.0257,0.6788,-1.8661,0.8642,-0.5152,-0.9112,-0.8305,0.3805,-1.3468,-2.9653,-1.9592,-0.1155,0,-3.2207,1.4478,-1.7771,0.4739,-1.1082,0.5159,-0.6314,-1.176,0.6518,-0.0133,-0.1569,-0.5269,-1.3088,-3.6554,0.1965,1.0377,-1.0921,-0.8301,-0.8314,0.9215,2.4369,-1.3218,-1.4874,-1.0962,-0.9159,1.0781,0.9438,0.0029,-0.5735,0.6524,-0.7037,-0.3613,0.7422,-0.7338,0.5748,0.6107,-0.8907,-0.3832,-0.3016,-1.1722,0.6805,-0.2545
2.1007,-0.2868,-0.4992,1.6225,0.7489,-1.2834,-0.651,1.0412,0.9476,-0.7707,-0.2312,-0.3211,1.2233,0.6633,-0.1557,3.0867,1.6897,0.1775,0.827,-1.8558,-0.5974,0.8811,1.6062,-0.0914,0.6206,-1.0011,-1.2533,0.4874,-0.1645,-1.4177,1.7826,-1.5842,0.2076,-0.6893,-0.8322,0.5395,1.2112,1.7691,-1.3312,1.2762,-1.8089,0.332,0.5479,-1.0169,-1.7297,3.276,-0.3858,-0.1149,1.4105,-1.3083,2.3426,0.7563,-0.5455,1.7245,-1.3794,0.6726,0.7997,-0.0762,-0.6711,0.4329,-1.0463,-0.3651,0.1084,0.3031,0.5626,-0.8206,1.6137,1.4727,0.3522,0,-2.8911,1.1134,-0.3222,0.1805,-0.1511,-0.8674,0.2102,-1.0163,0.2937,-0.0621,0.2691,1.4664,-0.1815,-2.0854,-0.5888,-0.0242,1.2384,0.0158,-0.9005,-1.0998,1.1082,-0.1288,-1.1709,-3.0039,0.3612,-0.0599,-0.5098,0.3348,2.16,1.9748,0.4058,-1.5198,-0.7484,2.4705,0.8044,2.8922,0.518,-0.6507,0.2221,1.9127,-2.3326
-0.9556,0.7205,-1.0062,2.2637,-1.5812,-2.2647,0.2097,-0.7668,0.2603,-0.3168,0.1995,-0.2514,0.6398,1.2143,0.2135,2.2725,-0.5681,0.6993,1.0775,-1.1017,-0.9044,-0.5284,-0.8636,-0.6273,0.508,-0.3312,-0.2695,-1.8119,-0.0067,-1.4908,1.2415,0.5154,-0.1372,-0.9238,1.5103,3.0861,-1.9388,-3.1952,-0.4543,0.1763,-0.3393,0.0506,-0.4412,-1.9997,-1.3961,2.2192,-0.6617,-1.9989,1.3797,-0.248,2.0521,-0.1096,2.124,0.4836,-2.0869,-2.1382,0.7254,2.5719,-2.9149,1.3615,0.188,-0.8106,-1.8661,-1.7473,-5.4079,-1.3049,1.1082,-1.2653,-1.3941,0.3016,0,-1.3374,0.7491,-0.1629,0.1231,-0.9563,-0.3468,0.5484,-0.3646,-1.1493,-3.3713,-0.4699,-1.4595,1.505,-0.3665,1.0027,-1.6724,-1.4546,-0.1116,1.208,-0.2451,-2.0917,-3.74,-1.6398,0.6152,0.2598,-0.0418,1.9904,-2.37,0.0882,0.6692,-0.13,1.296,-1.6019,0.8969,1.3337,0.0289,-2.3029,0.4603,-1.0026,-0.7543
0.4252,-0.9395,-0.9697,-0.7723,-0.5441,-2.3171,0.5716,-0.5729,0.4746,-0.6415,-1.7597,0.582,-0.1679,-1.4833,-0.1447,-0.0354,0.2999,0.5947,-0.6366,-1.258,-0.8806,-0.3263,-0.564,0.5316,-0.0621,0.3354,-1.2979,-0.3037,-0.0112,-1.2864,0.8948,0.991,0.1292,-0.3607,-0.9939,0.7582,-1.294,-0.2755,0.4343,-2.2267,-0.5785,-0.2984,-0.7027,-0.764,-0.7785,0.0339,0.7828,-0.4278,1.2834,-0.6017,-0.6225,-0.0217,1.1467,1.7856,-4.5865,-1.3444,0.2666,0.3471,-1.356,0.3307,0.0882,-0.4027,-2.6166,-0.1893,-0.0739,-3.8198,-1.1671,0.0912,1.8895,-4.0921,1.5413,0,0.0426,-1.8521,-0.3418,-0.9529,-1.5317,-0.3355,-0.5421,0.0922,-0.4065,-1.5687,-3.2206,-1.7582,0.0696,-0.5874,-1.5563,-1.2705,0.3534,0.1428,-1.1966,0.3633,-2.5897,-0.716,-0.3348,1.1325,-0.3274,0.1418,-0.7173,-1.0948,-0.8795,0.0923,-0.3346,-0.0106,-0.1036,-0.0423,-0.6806,0.7135,0.2079,0.3028,-0.1616
-1.7877,0.1007,0.0073,0.0286,-2.1377,-1.4709,-1.7494,0.0705,0.1601,0.1397,-0.7737,-0.7365,-0.6105,-0.4593,-1.5292,2.0194,0.054,0.1985,0.887,-0.063,0.102,-1.0838,-0.6463,0.0196,1.0362,-1.564,-0.4044,-0.4176,0.4049,1.0467,2.2919,1.2704,2.0561,-0.2554,1.1436,-0.4297,-0.073,-2.7262,1.0324,-1.4967,-0.0361,0.3162,-1.8271,0.0419,0.3305,-1.8554,-0.2301,-1.5263,0.1007,0.3433,0.7966,-0.4215,0.7956,0.7838,-1.5636,-0.2142,0.8192,0.9025,0.5647,-2.2272,-1.1856,-0.1343,-3.4136,-2.5046,-1.1533,-3.9211,0.6835,0.1525,-0.483,-1.6864,-0.7439,0.0355,0,-2.8151,-1.3933,0.7821,0.2167,1.1464,-0.934,-1.4947,-1.9968,-1.0568,-0.1007,0.6216,-0.1864,-2.1342,-0.9317,-2.0466,-0.0618,-0.3628,1.1665,-0.7135,-0.0742,-0.1897,-0.1853,-0.7876,-0.9992,-0.2254,0.9333,-1.2423,-0.463,1.684,0.9733,-0.7701,0.2148,0.8335,-0.1331,0.2807,1.1388,-1.6316,-0.6492
-0.543,1.1411,-0.6993,-0.9148,-0.5579,1.1372,0.3366,-0.1517,0.9399,1.548,4.0841,0.2376,3.6724,2.6953,0.3253,0.0151,1.9485,-0.2623,-1.5416,-0.1646,0.062,0.1016,-0.7805,0.4441,0.3262,0.859,-0.3922,0.9984,-0.1497,0.6966,-1.2615,0.2764,-2.2616,-0.9971,-1.2177,-1.7036,0.9413,0.8507,-0.3584,0.2715,-0.0074,-0.0104,0.2221,-0.4864,-1.2422,-1.9903,0.332,0.8999,1.2008,-0.3543,0.182,-1.0657,-2.6156,-1.7944,0.5841,0.2914,3.2913,0.9962,0.9704,0.1214,-0.939,0.9454,0.8123,0.0503,-0.6537,3.3092,-0.4581,0.3562,-0.9863,0.3318,-1.56,-0.2336,1.3275,0,-0.6408,-0.1313,-1.5307,0.6573,-0.6542,0.1005,0.0996,0.8616,-1.1746,1.0202,1.2209,-0.4194,-1.734,0.6946,2.5746,-0.2395,0.1465,0.4823,2.226,1.0326,1.3077,-0.2907,1.4137,-1.4091,-1.8693,-1.2797,0.6128,-0.1991,-0.8405,1.7764,-0.6505,-2.0056,1.4248,0.7868,-2.2151,-1.3395,0.4118
-0.6554,0.2464,-1.0674,-0.4603,1.2285,-0.1715,1.2973,-0.2854,-0.2109,-0.3564,-0.6192,-0.9281,0.9455,-0.0439,-0.57,0.8115,0.5902,1.6026,0.1188,-2.3191,-0.5937,0.1689,0.4793,-0.7696,-0.3415,-0.6649,-0.0129,0.1574,-1.9345,-1.0869,0.5138,0.695,-3.1471,0.0326,-0.0858,0.817,-0.65,1.6276,-2.108,-0.9649,-0.0365,-1.1151,-0.5007,-0.5028,-2.2431,0.4634,-0.8877,-0.9836,0.3235,-1.7123,2.3701,-0.5917,-0.5396,0.0504,-3.7869,-2.0685,0.2024,0.6751,-1.3152,0.0016,-1.0634,-0.8795,-3.4262,0.4602,0.1648,0.1272,-0.3441,-0.2473,-0.6405,-2.5452,-0.1034,0.2597,1.4296,-0.5135,0,-1.7101,0.4293,-0.5472,-0.5512,-0.5434,-0.1674,-1.5335,0.0376,0.0846,0.1782,-0.013,0.1696,-1.377,-1.07,2.2941,1.7112,-0.8432,-0.53,0.1561,-0.4086,-1.2556,-0.2295,0.0561,0.2147,0.0344,-0.3291,-1.0664,-0.1024,3.7576,-0.5561,0.786,0.0439,-0.3725,-0.121,-2.6039,-1.7378
-0.7037,1.1052,1.016,0.9087,0.559,-0.9537,-1.1465,0.9385,-1.1628,0.5833,0.8209,-2.4273,0.3256,-4.169,0.1762,-4.7972,-0.6846,0.1975,0.3831,-0.6848,1.0774,-0.5709,-0.1067,1.5441,-0.3507,-1.0724,-0.5,1.4243,0.1822,2.0238,0.4658,-0.699,1.1124,0.148,-1.0407,0.9786,0.4805,0.4257,0.7547,1.0581,-0.0724,1.4802,-1.1787,0.1895,-1.2394,0.8144,0.9859,0.0994,-1.7681,-2.0837,-2.0287,0.5153,0.663,-1.8691,-0.8797,1.0775,-2.762,-1.2385,0.2986,-1.6648,0.7053,-0.7531,-0.3202,0.0067,-0.9666,-2.0656,-6.1985,2.1484,0.2361,0.0045,0.758,0.6015,-1.1311,-0.4725,1.6357,0,-0.1557,0.4748,-0.2672,1.1321,0.3263,0.593,-1.7617,1.3746,1.0679,-0.9335,0.8294,-0.9114,-0.4029,-1.6784,-3.1409,1.2256,1.6873,0.311,-0.3258,-0.2708,-2.541,-0.6427,0.7571,-1.7706,-1.1058,1.4325,0.4063,0.0546,0.1137,0.0217,0.1905,-1.9145,0.4374,-1.1485,2.6629
-0.7118,-1.073,-1.7077,-0.846,4.987,-2.7114,1.6402,0.0204,-0.2311,0.1572,2.2351,1.1444,-0.5745,0.1047,-1.0722,0.575,0.8061,1.1197,-1.4607,-1.5542,0.0623,-1.0424,0.2317,-1.5712,0.939,-0.1299,-0.9136,2.6441,0.7772,-0.3515,4.0568,1.5349,0.4814,1.0152,0.4344,0.4123,-0.2164,1.2109,0.3338,-0.8734,-0.2509,-0.0651,-1.8317,1.6227,-1.7992,-0.3874,0.3012,-1.5996,2.5962,-1.1993,2.2834,0.7228,0.2877,2.7036,-2.6666,0.5838,0.7959,0.9653,-1.2865,0.5525,1.0985,-1.634,-3.0521,-0.8966,1.4745,-0.6019,2.2721,0.666,1.1476,-1.5559,0.3301,1.5982,-0.2316,0.2329,-0.3566,-0.0075,0,-0.8757,-0.6092,-0.275,-0.0928,-0.5474,-1.4893,0.5364,-1.343,0.1106,1.5341,-0.9225,-1.7769,0.166,-1.373,0.4462,1.2983,0.2124,-0.4106,-0.298,-0.5925,0.8007,0.1739,-2.7378,-1.9679,-0.6627,-1.1467,1.0434,-0.1937,1.459,-1.1492,0.2323,-0.5698,-2.469,0.2087
0.3551,-0.6531,0.2051,-0.0606,0.5257,-0.6233,0.5345,0.7017,-0.5762,-0.9047,1.185,0.1345,-0.2225,-0.6021,-0.2443,-0.9777,0.4697,0.1732,-0.1843,0.1514,0.88,-0.2028,-1.8031,-0.3617,0.285,0.2644,-1.2075,1.0538,-0.3969,0.4302,-0.0881,0.3822,1.4313,-0.5212,0.5917,0.1157,0.2237,0.6055,-0.0429,-1.1161,0.2616,0.3106,-0.7503,-1.4779,0.6043,-0.0983,-0.0634,0.7208,0.1681,-0.4734,-0.1154,-0.2525,0.6031,-1.8102,-2.4361,-0.2373,-0.4253,-0.0287,-1.133,0.4511,-0.0942,0.0077,-2.2624,-0.9735,-0.2591,-1.6021,-0.7922,-0.0649,-0.9613,-0.6931,-0.6739,0.1083,-1.355,-1.5358,0.5213,-0.4855,0.9159,0,-0.0038,-1.8029,0.7447,0.3275,-1.4881,-0.3401,-1.0302,0.1621,-0.9482,-0.127,1.6542,1.6262,0.3624,-0.9938,-0.6004,1.8682,0.1856,-0.0761,-0.097,-0.5027,-0.9012,0.7363,0.3124,-0.3733,-0.0578,0.9377,-0.5604,-0.9553,0.7408,0.7355,0.4397,0.212,1.3367
1.9127,-0.0262,0.1423,-0.8074,0.2051,0.556,-0.9474,0.2394,0.6953,-1.0013,-0.7006,-0.2787,1.7766,0.6927,0.1921,-0.7067,0.7242,-0.3549,-1.0266,-0.6891,0.0461,0.66,0.3658,0.7316,0.4063,0.3504,1.3476,-0.4395,0.4043,1.2184,-0.711,0.6858,-0.5333,-0.5612,1.575,-0.8832,1.4397,-0.2471,0.3758,-0.1668,0.0642,-0.0867,0.924,0.4527,0.1912,-0.0454,0.4117,1.1081,-0.5786,-0.579,-0.5533,0.5387,1.3038,1.4024,1.3183,0.8401,-1.3459,1.2985,-0.1146,-0.4506,-1.081,0.3775,0.582,-0.5105,-0.8731,1.2557,0.5631,-0.1908,-0.1844,0.1239,0.1259,0.5493,0.7962,0.2755,0.6922,0.4049,0.5544,0.2214,0,1.2611,-0.4288,-0.1976,1.3526,1.7289,1.8106,-1.2531,-0.2525,-0.2764,-0.2024,-1.5824,-0.4151,1.5107,1.4906,0.3094,-0.1394,-1.1833,-1.2262,-0.8566,-1.5768,-1.0648,0.0579,-0.4298,-0.7632,0.4346,1.2316,0.6985,1.3454,1.1362,1.2628,-0.2002,-0.1497
2.49,1.9776,-1.0313,1.2044,3.1259,-1.2954,-0.673,-0.2842,1.1475,1.3727,2.0458,-0.7128,-3.0626,2.3162,-0.707,-0.4236,2.7333,1.6604,0.1872,-2.0253,0.0359,-1.6145,-0.5493,-0.7216,0.219,-0.0228,2.1375,0.3575,-0.75,-0.746,-0.6415,1.7329,-2.7093,0.7718,1.4565,1.5959,2.4729,2.1246,-1.6698,1.3629,0.6693,-0.3858,2.1655,-2.3164,-0.1049,1.5546,0.2032,-0.7627,1.7906,1.6926,2.8665,-1.1299,1.1979,1.1675,0.4323,-0.7993,0.853,1.5742,-1.2169,0.7261,0.3113,-0.4349,-0.9648,0.1215,-2.6949,1.5652,2.8421,-2.2191,-0.3084,0.5709,0.7815,-0.3262,1.2342,-0.2022,0.5489,-0.9641,0.0578,1.8994,-1.3006,0,-0.8768,-1.1095,2.7475,2.3448,1.6948,1.1987,-1.5696,-0.8753,0.6783,0.23,0.7344,1.9127,-2.6569,0.9956,0.106,-2.0309,0.8284,0.1713,-1.2135,0.6426,-0.3873,-0.2816,2.0886,0.5029,0.0275,-0.7685,0.4519,0.3318,-1.0198,1.2999,-0.7105
2.0112,-0.5643,-1.2403,0.6539,1.0911,-2.0223,0.7511,0.3378,1.6834,-0.7044,0.1051,-0.1179,0.8742,2.0542,1.0427,3.1598,-0.3173,0.771,-0.4508,-1.6507,-0.7672,0.7196,0.5816,-0.6561,0.3937,0.5281,-0.9024,0.9187,-0.7061,-1.1111,-0.8342,0.1458,-0.6011,-1.2386,-0.3385,1.7856,-0.2936,0.7142,-0.201,-1.1217,-0.2201,-0.1009,-0.6813,1.2466,-1.1177,0.3134,0.2218,-0.8706,0.0035,0.1385,2.8832,0.2026,0.6848,0.2498,-2.3836,-1.9245,0.7035,1.3513,-1.6479,1.103,-0.2957,-0.0799,-1.1154,1.2488,-0.7601,-1.5019,1.5858,-1.1569,0.4949,-1.869,3.477,0.453,2.0052,-1.3739,0.1902,-0.4731,0.095,-0.7444,0.3723,0.6326,0,-0.3833,-1.5208,-0.0615,1.5957,1.0337,-1.7706,-1.2984,-0.426,0.8078,0.6715,0.8871,-3.4241,-0.5838,0.5232,0.8312,-0.8665,0.5963,0.3338,-0.6482,-0.7767,0.6623,1.9991,1.3599,1.2537,-0.1065,0.1655,-0.3417,-0.5885,1.2663,-0.4606
0.7366,-0.2794,1.2477,-2.7646,-0.0898,-0.0397,-0.4812,-0.1087,0.822,-0.641,-0.8044,-0.1314,-2.262,-4.8743,-0.6991,0.4628,-0.3391,-1.635,0.8363,0.175,0.5371,0.9973,-0.381,1.0108,-1.3771,1.1735,0.0065,1.2488,0.7659,1.0076,-0.2259,0.3897,2.2742,0.0114,0.6332,-1.5823,0.6786,-1.0393,2.0233,0.6927,0.435,0.3643,-1.143,0.4322,1.3745,-0.0105,0.2826,0.6131,-0.4699,1.1208,-3.1504,1.1585,0.771,-0.2777,-0.9444,0.7753,1.2177,-0.016,0.7742,-1.8949,-1.5759,0.3854,0.7233,0.9688,0.9042,-0.2643,1.5895,1.7128,0.8995,-1.4831,0.1706,1.2352,0.7618,-1.5441,1.4513,-0.5929,0.3903,-0.343,0.3059,1.2222,0.1983,0,0.1991,0.818,-2.3209,-0.6104,-0.3185,0.3098,0.0486,-1.2531,1.7265,3.624,-0.4996,2.2378,0.2447,-1.0308,-1.3872,-0.7147,1.2424,-2.4497,0.2566,2.1621,-0.4927,0.2405,0.694,-1.5737,0.8502,0.8898,1.3312,-1.1094,1.2034
-1.9596,-1.4298,0.6172,3.7817,-1.624,0.1079,-0.6372,-0.6268,-0.5831,1.6599,-0.4968,-1.6015,-1.9887,-2.2043,-0.392,-0.112,-1.1995,-0.9539,0.8851,-0.024,1.1261,1.5679,0.2696,1.7479,-0.0929,-2.0818,-2.3027,0.8267,0.951,2.4995,-0.8243,-2.8002,-0.0149,2.8926,-1.3312,-0.3521,0.8573,0.6861,-0.7631,0.0356,-1.1509,0.2039,0.8546,0.5034,-2.1464,-2.0442,-0.0122,1.155,-1.8046,-2.1216,-2.1139,0.2612,-3.0887,1.1032,-1.2582,0.535,0.5466,-2.3253,1.8315,-1.0345,0.8187,-0.9292,2.078,0.9994,0.7317,-0.9998,-0.0998,1.2032,2.5163,0.0171,0.6386,1.5001,-1.3543,1.6224,-1.2016,1.9446,0.9538,1.0694,-0.9589,-2.5017,0.8313,-0.177,0,-2.5666,-1.9853,0.1542,3.5998,-1.5688,1.1004,-2.4988,-2.1955,-0.5519,1.2303,-2.1933,1.315,-2.054,-1.9403,0.7205,0.3182,-1.508,-0.4039,-1.5192,-1.4177,-0.0706,-1.9771,-1.361,0.2918,-0.5878,-1.1837,-2.2862,-0.6112
-1.0028,-0.0891,-0.023,1.6985,-0.5116,-0.0215,0.1441,-1.6113,-2.3074,0.1861,0.6075,-0.0202,0.3851,0.3639,1.6123,1.1363,0.9007,0.5492,1.2203,-0.9017,-2.1848,0.4252,-2.7924,-1.9611,0.0446,-1.1578,-2.094,-1.7126,-1.945,-2.7501,-0.6884,1.3492,-3.6685,-1.4097,0.2828,1.0642,0.3479,1.1635,-1.7409,-0.4086,-0.8412,-1.5749,1.3688,-2.0908,-0.6496,0.457,-0.8284,-0.1458,-0.321,-1.1924,1.15,-1.8218,-3.0364,0.6482,-0.6426,1.1851,-0.349,2.5506,-2.4108,0.5383,0.0305,-0.4268,-0.6287,-0.3166,-2.6028,1.868,0.7684,-1.7241,-1.3322,1.3108,-2.4656,0.7657,-1.688,-1.2,-0.5309,-1.5285,-0.8975,0.0519,-1.5357,-2.2043,-0.4502,-0.8496,2.3121,0,3.7192,0.8379,1.3689,-2.3597,0.0503,-1.143,-2.0275,-1.6171,-0.1041,0.8243,-0.2323,-0.5512,0.3115,0.2758,-3.4355,-0.9116,-0.4147,-3.346,1.0614,-1.7287,-2.5958,0.6644,1.399,-1.7563,-0.982,-0.0904,0.1631
0.5967,2.7158,-0.7938,4.2723,-2.1603,-0.8437,0.0215,-0.1331,-1.2939,-0.4155,1.4253,0.9182,3.1114,-0.4061,0.8059,-1.4404,3.6743,0.4885,-1.9666,-0.3076,1.3682,2.5891,0.1088,-0.1274,-0.0217,-0.4592,-1.6313,0.6122,-1.7646,1.6793,1.7077,0.7326,-2.3689,-0.0585,-2.0696,2.2721,2.2638,2.4761,0.8584,4.3108,0.5228,0.5578,2.0267,-0.1317,-0.2308,5.0127,-0.5257,-0.7839,0.6819,-2.5255,2.1231,-1.1441,-1.3283,2.3149,-0.7041,0.6246,-0.4656,-1.9464,2.7671,0.4022,0.3546,0.6713,3.2062,0.0934,-1.1364,1.2263,-1.4816,2.5961,-1.4311,1.3256,-0.0125,-0.192,-0.1009,-0.9802,-0.0919,-0.8083,1.2137,1.2553,-1.8458,-1.6628,-1.7665,2.4087,2.752,-2.6553,0,0.5793,1.7644,-0.1434,0.2991,-0.7028,1.2842,0.8982,1.5356,-0.4966,-1.4901,3.1646,-0.0044,-0.5873,5.0867,0.5756,-1.198,-0.6152,1.334,2.0649,1.146,-0.0204,-1.6201,-0.8795,0.7583,1.524,-0.9818
0.511,-0.5312,-0.4189,-1.5686,-2.954,0.3994,-1.4647,0.4382,0.4116,0.5724,-0.5512,0.4271,1.4176,0.618,0.5244,1.6336,0.9602,-1.883,1.5192,0.3035,0.3203,0.8231,0.252,0.4465,0.2724,0.8121,-1.5392,-0.9266,0.7263,0.3994,0.5918,0.7061,2.2181,-0.3588,0.9174,1.4037,0.5737,1.7896,1.4425,0.4616,-1.5691,0.5118,0.3101,0.2657,0.5895,0.4677,-0.1392,0.6461,-0.1544,-0.9453,-0.7606,-0.1925,1.4483,4.7449,-0.4273,0.8226,1.3412,-1.4709,1.319,-0.3922,-0.9851,-0.4626,0.831,-0.3728,-0.6171,0.6095,1.5993,0.5253,0.4793,0.1582,-1.6253,0.0666,1.723,0.0745,-0.1784,0.9256,-0.4155,-0.2116,1.3581,-1.1936,-1.4262,0.6049,0.2394,-0.4911,-0.4888,0,-0.5783,0.5934,0.6894,-0.2682,0.7428,1.8011,-0.0998,-1.4734,1.0469,2.7233,0.7137,0.8839,0.591,-0.1006,0.2449,0.4226,1.4454,1.5981,0.4984,0.8512,1.2111,0.5121,1.1692,1.3288,-0.5581
0.9761,-0.1676,-2.0787,3.8286,0.1705,-0.7727,0.762,-1.2912,0.1438,-1.9707,-0.5653,-0.3569,-0.8682,-1.173,1.381,0.8288,1.6265,1.7602,-1.4101,-1.4606,0.5005,1.2289,1.3195,0.9996,-0.2254,1.8264,0.96,2.771,0.1441,-1.4542,-2.3554,0.6539,-1.2243,-0.559,-0.1575,2.7608,0.1124,1.819,-0.1991,-0.6409,-0.6328,0.6841,0.182,-0.7896,-0.0198,-0.002,0.3879,0.5944,0.5934,0.5888,-0.207,1.4513,1.9476,-0.0941,-2.6075,-0.4975,-2.2413,-2.6366,0.185,2.0044,1.3959,-1.13,1.4437,1.9661,1.9292,-0.3203,-1.7167,-0.9884,0.412,-1.8218,1.5891,1.1936,0.7519,0.9177,-0.2912,-0.8284,-1.773,0.9384,0.4926,1.9919,1.7325,0.3415,-3.2912,-1.3796,-1.5314,0.6026,0,0.4814,-0.4286,1.5586,-0.7743,1.4611,-1.9673,-1.9575,1.0033,2.0322,1.2304,0.1938,0.7507,0.1315,0.5706,-0.9166,1.3354,1.8403,-0.7276,-0.0078,-0.0519,-0.569,0.2961,0.0827,-1.6189
-0.1893,0.2077,1.1144,-1.9956,0.1716,0.7345,-0.1073,2.0787,-1.2062,-0.2825,-0.6011,0.4088,0.1656,-2.2061,-1.7845,-4.6328,-1.2621,0.436,1.3137,0.6086,-1.3517,-1.726,-0.1628,-0.603,-0.1923,-0.352,0.6459,-1.6109,-0.9397,-0.445,-0.0805,1.4909,1.015,-0.2207,-0.4073,-0.6606,2.2165,-0.2993,0.5549,-0.3004,0.5441,-0.1109,-0.0189,-0.8575,1.0812,-0.7548,0.9167,0.7867,-1.783,-1.0099,-2.8819,-1.3594,2.9,-6.9331,1.317,1.0128,-1.5212,1.2835,-0.1017,-0.1402,-1.0723,0.0895,0.2908,0.8826,-0.702,0.8566,-2.597,1.3932,-0.66,0.4117,0.4243,-0.1304,0.8445,-0.6995,0.6056,0.6382,0.1548,-0.4708,0.1843,0.9438,0.5161,-0.6278,1.8712,2.3769,0.3283,-0.7597,-0.8385,0,1.0296,0.7438,-0.3873,-0.7631,1.8924,2.503,-0.4622,-0.1234,1.2986,-1.3759,0.6961,0.3484,-0.5675,0.7815,0.5852,0.8706,-1.4562,1.0202,2.4337,1.3521,0.7244,0.8778,-0.3026
-1.3636,-1.5039,-0.4639,0.5608,0.1891,-1.4058,2.3463,1.2633,6.2351,-2.5711,-1.629,1.8336,-0.7556,4.8881,0.6631,-0.0758,5.2329,-0.0957,-1.6473,-1.2143,-0.8263,0.1447,0.5418,0.4455,0.7496,1.1766,-0.5314,0.0472,-1.8274,-1.6916,-1.9378,2.1019,3.1936,-1.206,-0.1907,-0.018,-0.6793,2.5219,2.0269,-2.6991,0.2179,-1.2079,0.4461,3.9949,-1.2332,0.4553,0.1593,0.5478,8.3819,-0.191,4.0008,-0.2261,1.2697,-0.8421,-3.0022,-1.1405,3.2846,4.6689,-1.5346,-0.0055,-1.1987,-0.2552,-3.0104,3.0845,-1.0733,-2.7344,-0.4821,-0.1553,-0.9119,-1.7734,0.1192,-0.2376,0.0677,-4.0609,1.0025,0.0985,1.7314,-1.6985,-0.0072,-0.9744,0.3999,-0.3763,-2.1476,-0.9137,-0.6104,-1.1918,0.1421,-2.1439,0,2.6106,0.9819,-0.802,-1.5653,-0.7347,0.4128,0.8838,-0.1373,-0.2047,-1.4917,-1.7909,1.5578,0.5168,-0.4393,1.9724,-1.2515,-2.9941,1.3834,0.5136,-0.1473,1.2827,-1.606
-0.7408,0.6407,-1.9239,-2.2928,0.7643,0.0089,0.1811,3.9649,0.8845,0.203,0.9623,1.3467,1.2929,1.9421,-0.7518,2.0523,-0.2693,-0.4549,-1.6827,1.233,4.589,-0.6126,0.712,-0.3299,1.4151,3.4986,-1.4898,-1.3457,-1.2436,-1.9709,1.167,1.5724,-0.0909,-1.0953,2.4055,-0.7446,-2.0858,-0.0324,1.9453,-2.9446,-1.0555,-1.091,-1.8745,1.2845,0.4099,-3.9129,-0.5093,-0.5686,2.5981,0.0807,0.3239,-0.3313,-0.506,1.0707,-4.6622,-2.2917,3.5961,0.1181,-2.8072,-0.2927,-1.867,-0.2682,-2.4136,-3.5761,-1.2862,-2.005,4.3414,1.6954,-2.4542,-1.5377,-1.2019,-0.0461,0.3633,-1.5936,-2.2648,1.2661,-0.1782,-1.7099,1.4174,-0.524,-0.8162,0.7898,0.6048,0.116,0.4096,-0.2865,-1.7383,-1.9238,-2.6302,0,2.8272,-1.274,-1.1046,-1.7827,-0.3306,1.1503,2.5081,-0.4436,0.6361,-1.6985,-0.8953,2.939,1.9915,-0.5767,0.443,-0.0835,1.054,0.907,0.1051,-0.9767,-2.5906
-0.4333,-1.4816,-1.3674,-1.781,-1.7873,2.9071,-1.1864,0.8016,-1.139,-0.0432,-0.6949,2.7785,0.1791,0.6847,-0.6736,-0.087,-3.06,-1.5096,-2.2642,1.1193,1.6284,-1.4847,0.3965,-1.4215,-1.4587,-0.1674,-0.4633,-1.3898,0.9482,1.4954,1.1336,0.5964,0.4189,-0.7176,1.4985,0.7837,1.0934,-2.664,0.9878,-1.3703,0.8474,0.8496,1.1972,1.8178,1.5167,-1.8793,1.2402,0.079,0.9287,-1.3187,-0.9412,0.9603,0.2217,-3.0303,-1.0306,-0.2673,-0.1771,0.5497,-1.4423,0.646,-0.2302,-0.5111,-2.3745,-1.3267,1.0797,-0.3823,2.0195,0.2328,1.3194,-1.4848,0.191,1.3478,-1.1801,-0.9768,-1.4466,2.9572,1.4069,-0.1806,0.3318,-0.863,-0.6435,-1.7083,1.5347,1.6528,-1.411,-0.9053,0.7923,-0.2978,-0.9753,-2.7948,0,-0.5024,3.8964,3.1319,-0.7453,0.0865,0.6584,0.6102,-1.3241,-0.7778,-1.8706,-1.5024,-1.4992,-3.8142,1.1709,0.4829,1.3262,0.6111,-0.5035,-2.2025,1.8455
0.7722,2.6265,0.7117,2.1443,0.6531,-0.484,-0.5893,0.2057,-0.6611,0.8484,-0.53,0.2802,1.6064,0.8738,-1.0786,-2.64,3.0022,1.3843,1.4962,-1.2298,2.4799,0.6998,1.7866,0.5942,0.5461,-1.7497,0.4191,1.8076,-0.552,1.1451,0.4836,0.432,0.1977,-0.6028,0.3637,1.5523,0.4872,0.9519,0.9498,1.89,0.1993,0.7822,0.718,4.106,1.5754,-0.3826,-0.2533,-1.0652,3.5142,0.6249,0.5444,-1.4047,-0.333,-0.0606,-0.8933,0.5628,0.4863,2.2842,1.2184,-1.5056,-0.6022,-1.7995,0.5129,0.177,1.5422,-1.6338,-1.6248,-0.7536,1.3581,-0.0604,1.9894,-0.32,0.6184,-0.8881,1.0043,-1.0546,-0.4998,1.1192,-1.5125,-1.9228,-0.9207,-3.3902,0.6635,1.579,-0.9349,-1.7657,-1.2118,0.3866,0.6923,1.1955,0.4981,0,2.116,1.2382,0.5151,-0.7566,-1.2005,0.4202,2.5095,0.4789,-1.631,0.6438,0.3214,4.1089,-0.4009,-0.5561,-0.0435,0.4781,0.1893,-2.6106,0.5764
-0.9099,-0.8275,1.5262,0.423,1.7398,-4.2688,1.7301,2.9037,-3.8143,1.7926,1.5824,-2.5269,-2.0962,-3.9812,-1.8735,-3.6298,0.3324,1.5477,-0.1678,-0.527,-1.6867,-0.633,2.5788,0.33,1.7135,-2.1235,0.9934,0.0604,-1.0409,-1.4435,1.448,0.3404,0.1862,1.3359,1.0935,0.972,0.6189,0.2492,-1.2602,2.1203,3.2953,-0.165,-0.59,1.466,-0.5572,2.4366,1.3712,0.3318,-2.6804,1.1628,-3.8943,-0.6693,0.9619,-4.4645,-0.9915,-0.9181,-3.8043,-1.9282,1.6992,0.563,2.1148,1.1022,-1.1539,-0.1928,3.1662,-3.5093,-5.4459,0.1323,0.3279,0.3894,3.8145,1.8806,-0.5373,-2.3613,0.1614,-1.8202,-1.8349,0.4626,-1.2181,3.5946,3.5048,0.6766,-1.2316,0.1,-0.9694,0.351,2.0717,-1.8814,1.1411,0.5158,-4.4234,-2.1073,0,1.6362,0.074,-1.4556,-2.2212,-1.124,-1.777,0.8333,0.0839,-0.9949,-0.9068,-0.1942,-0.7436,0.4701,-0.407,-4.8041,-0.067,-0.6688,1.9243
-0.6805,1.4841,-0.9719,2.7247,2.5977,-1.7278,1.9194,1.7484,-0.3701,-1.3545,-0.1941,0.5852,0.5168,0.7993,1.2361,1.1873,1.3833,0.1473,1.7933,-1.2569,-1.3288,-1.8748,-0.2087,-1.5401,1.6447,-0.2928,-3.041,0.7671,-1.0469,-1.7212,0.4046,0.7616,-1.4635,-1.7494,-0.9906,0.1329,0.8474,1.0607,-1.3954,0.8507,-1.1655,-0.7395,-0.1546,0.2156,-1.8453,2.1537,0.4814,0.0212,-0.6803,-1.2107,0.3012,-1.1096,0.9757,1.4962,-3.5253,-0.9277,0.8534,-0.7124,-1.4138,2.006,2.4683,-0.5088,-1.5819,-0.3464,-2.7188,-2.694,1.5403,-0.6101,0.645,0.852,1.7132,0.4412,0.0781,-1.7729,-0.2149,-0.2932,-0.2107,-1.8902,-0.0049,-0.7866,0.5858,-2.2254,1.1897,-0.9927,0.9409,1.5053,1.9493,-2.8126,0.634,1.709,-3.2066,-1.0728,-1.6976,0,0.9798,2.1692,-0.7167,1.1803,-0.8012,-0.7337,-1.654,-1.2924,0.486,2.8673,0.1655,0.9738,-0.7676,-1.6587,-0.3728,0.6454,0.6329
-0.7363,0.006,-0.155,-1.4654,-2.1542,-2.0796,-0.9324,-0.2013,0.0461,-1.5624,-0.971,0.4609,1.6748,-3.335,0.2002,-1.1494,-1.4502,-0.5284,1.1424,-0.4102,-0.6718,1.0216,0.414,0.3235,0.7902,0.6521,-1.8783,-0.8046,-0.8276,-0.2858,0.038,1.2058,0.1939,-2.3113,-0.4735,0.2304,-0.1824,-0.5714,0.2933,-0.5754,0.2918,-0.7251,-1.4408,-0.7745,-0.2388,2.2314,-0.5746,0.1983,-1.2932,-0.7715,-0.6165,-0.0248,0.8603,-1.8596,-2.7439,-1.6131,-0.9719,-0.6518,0.9874,-1.4043,-1.0275,0.7976,-1.0787,-1.058,-0.1296,-2.6761,-1.9091,1.5731,-1.1466,-2.5101,-0.5381,0.3033,0.2274,-2.7205,0.3967,0.1369,0.4936,-0.2716,0.2756,-0.1516,-0.4775,-0.4461,-2.4095,-0.5615,1.5469,-1.3192,-1.1492,-0.6738,-0.3924,0.3434,1.0022,-0.4048,-0.6268,-1.0561,0,0.5211,-2.0722,-0.7216,1.2212,-1.8272,0.1885,0.2056,2.004,0.5579,0.4428,-0.24,0.0711,1.9745,0.7798,0.5409,-0.3225
-0.8323,-0.5905,0.8801,0.4129,-1.0792,-0.1852,0.0373,1.7329,1.2426,-0.1544,0.8172,0.1314,0.4104,1.1319,-1.3419,0.981,-0.8883,0.0647,-0.7313,0.4222,3.4637,1.7171,2.8849,1.7113,1.033,-0.1086,0.9044,0.398,0.0176,0.3089,1.7977,-0.169,0.8005,0.4404,-0.1751,1.0274,1.6333,1.678,2.1242,0.9627,-0.1201,0.7511,0.1948,1.8329,1.0648,-0.5465,1.816,0.8012,1.0415,0.6955,-0.4264,0.7679,-0.4756,1.2574,-0.9809,-0.5592,2.1518,1.5628,0.6338,-0.1311,0.1109,0.1077,-0.4958,0.2731,0.5075,0.1884,2.1508,1.3103,-0.7528,0.2822,-0.2129,-0.6175,0.9326,-0.1278,1.582,0.5152,0.4393,0.4752,1.1178,1.8501,-0.6031,1.1147,2.1622,0.8472,-3.1288,-2.4542,-1.5364,-0.0771,-0.7433,-0.9041,-0.0457,0.7775,1.7511,-1.5013,-0.0133,0,-0.0904,-0.9,1.9906,0.7825,0.3893,-0.1595,-0.401,0.5643,1.0959,0.6781,1.137,-0.03,1.1351,-1.7897,-0.188
-0.5784,-2.0469,0.4283,-2.9072,-4.34,3.2569,1.0845,1.9506,0.8378,-0.8494,0.0955,-0.2266,1.5919,0.8451,1.8613,0.3675,-1.9026,-1.1876,-0.0902,2.2687,-0.7513,-0.1638,1.0713,0.7854,-0.6751,0.5497,-0.6577,-2.2073,0.5251,0.0816,-0.768,1.1214,0.7169,-1.7901,1.063,-3.0298,0.8284,-1.9469,0.4233,-1.4193,0.2984,-0.6259,-1.3232,1.415,0.6809,-2.7914,1.5745,1.928,-1.1907,0.137,-1.7274,0.4361,-1.4746,-0.9434,0.4156,-0.2526,-0.4247,1.6122,0.3903,0.4913,-0.5001,2.4513,-1.1396,-0.3855,0.0807,-1.1036,1.3812,-3.1782,-0.1127,-0.3473,-0.068,0.3324,0.9258,-2.1071,0.2855,2.4455,0.578,0.1762,1.2263,-0.8866,0.8556,1.2889,1.3825,-0.3859,-0.0523,-0.8491,-1.1456,-1.7556,0.0285,-2.6379,-0.6853,1.2021,2.0195,0.7985,2.1293,0.2276,0,-0.1935,-0.4082,-1.2241,0.7573,0.4896,0.2101,-0.8974,-0.9352,0.4613,2.5782,2.1867,0.8783,-0.2242,-0.2901
-0.9585,-1.6281,-1.1043,-0.7728,-2.2448,-1.1689,-0.6825,0.0459,-0.4258,-1.9008,-1.8537,-0.3069,0.2195,-0.8389,0.8274,1.2668,-1.2255,-1.6373,-0.3498,-1.673,0.4872,-0.1886,-0.5324,-0.7865,0.6666,1.8059,-3.4789,-2.3245,-0.66,-1.1802,-1.6457,0.6629,0.1165,-1.8354,0.1244,0.4074,-2.5908,-0.9107,0.1034,-1.7048,-0.8402,-1.8156,-1.3508,0.0294,-0.292,0.154,0.0296,-0.2837,-0.0586,-0.8634,0.6473,-0.1771,-0.2395,-1.1909,-3.8438,-0.7349,0.3265,-1.0394,-0.6052,-0.1388,-1.4724,-0.8435,-0.6876,-0.0499,0.2635,-2.9686,1.2709,-0.4772,0.5637,-3.374,-1.9662,-0.136,0.1915,-1.1595,-0.2276,0.024,-0.8591,0.0683,0.5056,-0.6852,-0.6831,0.0358,-2.5802,-1.6786,0.0617,-1.7117,-0.699,-0.5362,0.2006,0.4027,-0.6421,-0.6576,-0.0483,-1.5127,0.5684,1.0799,-0.0611,0,-0.5531,-0.427,-0.737,-1.5492,0.4391,-1.316,0.5981,-0.3772,-0.5801,1.4797,-0.0225,-0.2699,-1.4607
-2.8853,0.6946,1.3253,2.9393,1.8594,-0.9849,-1.7627,-1.4554,-1.1131,1.5308,1.0695,-2.2832,-1.3897,1.4414,-3.6865,-0.0023,-0.2896,2.5945,-1.2683,-0.5678,0.5159,-1.0748,-0.8532,-1.1091,0.3224,-1.759,1.5524,-0.3383,-0.0487,0.4197,3.328,0.5207,0.3748,1.4751,2.3787,-0.2402,0.4266,-0.0731,-0.835,0.4168,0.5681,0.9186,0.8731,-1.3344,0.399,-0.0748,1.1604,-1.2043,0.5354,1.2702,1.1837,-0.1137,2.7526,1.3509,-0.5777,-0.1501,-0.5132,1.8196,-0.4858,-1.5715,-1.1819,-2.5608,-2.636,-0.3604,-0.1613,-0.4542,0.4941,0.4859,-0.6234,-1.9532,2.359,0.8986,-0.8918,0.9168,0.0207,-0.6149,-0.1304,1.0521,1.4872,1.0192,-0.2649,-1.1506,-0.1841,3.0631,-5.0655,-0.6795,-0.5495,-1.032,1.4832,-0.5763,1.329,-2.457,1.7188,0.9876,-0.9092,-1.9915,0.4207,0.5198,0,-0.6944,-0.0882,0.1563,-0.1438,-3.9882,-0.7807,2.4176,0.9345,-2.045,1.3577,-2.4881,-0.32
0.0371,-1.0273,-0.0389,-0.1358,-0.8217,0.4245,0.5296,2.0717,0.8479,0.014,-0.124,1.077,2.4867,1.583,0.6741,1.905,-1.3807,-1.0777,-1.3412,1.7916,0.4782,0.2214,0.4624,-0.5547,-0.5503,1.1045,0.8653,-1.1662,0.8549,0.804,-0.0848,0.0572,0.8104,0.3176,0.6045,-0.9379,2.0921,-0.89,0.5763,-1.0214,0.0986,-0.0825,-0.0121,-0.0905,0.4446,-1.7738,1.2801,2.267,0.4809,-0.4701,-0.4658,-0.3929,-0.7325,-0.5752,1.0602,-0.7975,1.2351,1.6355,-0.8397,-0.1737,-0.7831,1.7646,-0.7608,0.1936,1.1553,1.5351,3.7534,-2.1818,-0.0178,-0.9032,-0.8751,0.5058,0.4706,1.0844,-0.2802,1.7505,2.4789,-0.8339,1.0495,-0.6796,0.2078,2.4382,1.9598,1.2281,-0.5636,0.093,-0.125,-0.2935,1.0606,1.057,0.4327,-0.6548,-0.423,0.7325,1.4598,-1.0202,0.9046,-0.6967,0.4595,0,0.7161,1.5599,0.5667,-0.7113,-1.4626,1.9249,2.8951,0.2622,0.5835,0.7894,-1.6673
0.5711,0.5422,-0.612,-0.6853,0.7518,0.5983,0.0272,-0.5859,-0.5607,0.005,0.6101,0.1433,0.8481,0.8689,-0.4649,1.5548,-3.6184,-0.8947,0.2506,-0.3695,0.7374,-0.2777,-0.4061,-0.3848,0.6578,0.0771,0.9297,0.1328,0.5498,0.6985,0.2605,-0.4487,-0.6071,1.2483,1.2806,-0.185,1.2204,-1.927,0.192,-0.3554,0.2088,1.4082,-0.477,0.1507,1.5778,-0.4572,0.0064,0.4191,-0.2495,0.4025,-1.1746,1.2498,1.1871,0.8023,0.4799,0.4898,2.1332,0.3063,0.0506,-1.0349,-0.2192,0.0497,-1.5334,-0.49,1.1335,0.6772,2.9435,0.4748,0.0286,-0.114,-1.0217,0.7286,0.227,-0.8268,0.3743,1.1683,1.8607,-0.1631,-0.0505,0.3853,0.655,-0.1789,0.7905,0.6345,1.212,-0.2274,-0.3922,0.3735,-1.8921,0.672,1.8549,1.6362,0.2599,1.8273,-0.1805,-0.4061,-0.8113,0.2738,0.0134,-0.7544,0,0.2914,-0.2676,-1.6469,-0.3183,-0.1195,0.4179,1.5271,0.116,-0.2349,0.6002
0.6757,0.6182,-0.8808,3.2558,-1.0236,-3.27,-1.1713,-1.5966,0.3284,-0.0076,-0.2538,1.5103,-1.2841,0.7169,-1.0463,1.3419,-3.2606,1.1921,0.1997,0.1771,0.8675,-0.6159,0.1918,0.0428,-0.2212,-0.0822,1.1223,-1.3961,0.0299,-0.527,1.1385,0.9039,0.3367,-0.5518,0.3775,3.6385,1.0429,-2.3481,-0.2951,1.0268,-1.4857,-0.8365,2.0118,-0.8903,-0.4027,0.6686,0.9992,-0.4238,0.0625,-0.1741,2.1037,-1.213,-0.3477,-1.1681,-1.5245,-0.0356,-0.5454,2.8853,-0.5279,-0.8408,-0.8977,-0.6185,-0.3402,-0.1603,-0.4737,0.6936,-0.0149,1.2485,-0.7557,1.1238,0.0271,0.1101,-1.6781,-0.2935,1.2506,-1.1824,0.685,0.62,0.3995,0.2015,-0.6017,-1.9509,1.5557,3.1455,0.5089,-0.4301,1.0827,-0.93,-0.5582,-2.904,1.5325,-0.6186,1.2154,1.5209,0.0698,0.1737,-0.4359,1.4583,-0.1676,-1.6182,-0.3011,0,1.8017,-3.4688,1.3165,0.0229,1.2717,-0.8164,0.8866,1.2723,1.0529
-0.3305,-2.3567,-0.1927,0.4304,-1.7233,-0.7956,-0.46,-3.1683,-0.1888,-0.1488,-0.5917,1.7363,0.0765,0.8048,-1.2265,2.9429,0.8716,-0.928,-1.7714,0.9321,0.8571,1.4106,-1.0172,-1.4969,-2.39,-1.4121,-0.3758,-2.0423,-0.7929,-0.3552,-0.3847,1.5741,0.3449,-1.5856,0.0901,0.6299,1.1796,-0.9331,-0.9673,0.2288,0.1263,0.2895,0.6835,0.4577,-0.2951,1.0217,-0.065,-0.2231,-0.0463,-2.1306,0.5684,-1.1138,-0.6163,2.2592,-0.9101,-0.1859,1.8416,1.2332,-0.2167,-0.6508,-2.4108,0.0951,0.7554,-0.6415,-0.3701,0.4211,3.2299,-0.2036,0.6047,-0.2401,-1.4737,0.2922,-1.1387,-0.2442,0.135,-0.4057,1.1319,0.1103,0.7991,-2.1087,-2.0618,0.4239,0.9001,-1.0856,-1.3419,-1.5427,-1.2721,-1.1077,0.3144,-2.1916,1.574,-0.3029,0.7897,-0.3826,-1.9528,0.6064,-0.2122,-0.7631,0.1999,-0.8597,0.2434,-1.768,0,-1.8813,1.3052,0.5322,1.8003,-0.3586,0.9362,-0.2158,-1.4241
-0.0561,-1.5992,-3.7069,0.2541,-1.3706,1.2961,-1.195,-1.4489,7.7243,-0.3519,-1.683,2.5847,1.9042,7.6822,0.1531,3.0784,5.5059,1.307,-3.0921,-3.2868,-3.0314,-2.2834,1.3925,-2.648,1.1549,0.947,-0.0386,-3.7873,-0.7699,-5.2851,3.3656,4.7632,-0.3306,-1.942,1.2387,0.9875,-2.4701,-1.2971,2.8967,-2.3697,-1.4528,-1.7696,0.1955,4.8314,1.0328,-1.0572,-0.5942,-2.1357,10.1034,1.9264,8.0551,-1.2704,2.0641,1.7029,-5.1064,-2.2511,3.9914,5.8903,-2.0336,1.2704,-2.1891,-0.7528,-2.1745,-1.9379,1.8153,-2.3359,3.0913,-1.278,-0.5778,-4.6861,1.4872,0.0604,0.6257,-3.8014,-3.6934,-0.7094,-1.1869,-1.2822,-1.0525,-1.2439,-1.5114,-0.9223,-1.843,0.1536,-2.7131,-2.4431,-2.2509,-2.4752,-1.9859,0.4929,3.352,-4.353,-0.8592,-3.0142,-0.6214,-0.7892,0.3992,1.3091,3.545,-0.6618,0.7113,2.8487,1.2898,0,1.2333,0.9215,0.4337,-0.913,-1.2193,-1.5796,-3.5594
-0.5877,0.9072,0.8883,1.2451,-0.5074,-0.9306,-0.3825,-1.0609,-1.0278,0.5091,1.0313,0.2276,1.3135,3.3828,-2.1312,-1.4501,0.3969,2.2387,-1.0476,-0.1409,-1.3681,-1.4804,0.9445,0.1492,0.2378,-1.0088,1.8507,-0.2389,0.8767,0.1193,1.7667,0.7286,-3.6458,1.1676,-0.023,0.8205,2.6689,1.4247,1.3565,1.6876,0.3575,1.3507,2.6887,0.3644,2.1029,1.0048,0.5132,0.1427,-2.8229,-0.2432,0.6578,0.3987,1.7546,-2.897,1.2209,0.1456,0.1131,2.5334,-1.5546,-1.1756,-0.2935,-1.1315,0.2235,0.0033,-1.1708,1.6738,1.025,0.8574,-0.4973,0.5663,-0.9412,0.5075,-0.0805,0.7256,1.1623,0.3701,0.3412,1.082,-1.0942,0.0746,-1.0036,-0.282,2.8052,3.0627,-1.0887,-0.1965,1.2127,1.5075,1.3062,-0.2837,-1.1177,0.5287,1.5319,0.4878,0.115,-1.1315,1.0957,-0.5468,0.8133,1.464,0.4493,-1.2474,-0.9833,-1.6929,0,2.5195,1.1141,-1.5133,0.3286,-0.6608,-0.082
-1.4843,0.7824,-1.2134,0.3354,-1.3029,1.0802,-0.166,-2.0961,-0.935,1.5717,1.2145,-1.5532,1.0009,1.5039,0.0634,-0.1938,-1.2058,0.7462,0.1017,-0.2733,0.1731,0.2744,-1.2966,0.9988,-0.6219,1.4328,1.1872,-0.8739,0.1702,0.0683,-0.1833,0.5191,-1.2632,3.6295,0.5585,-0.6036,-0.1445,-0.5313,-0.4344,-1.8271,-0.1738,-0.9608,0.8616,0.4419,-1.4808,-2.8108,-0.4605,-0.0632,-0.9466,0.2312,-1.8584,-0.112,-0.5,-0.2243,-0.1314,-0.587,1.6477,1.0671,-0.1516,1.1888,0.581,-0.092,-2.7839,-0.6057,-0.574,-0.9065,0.3556,-0.5664,0.7002,-3.0564,-1.5747,-0.1267,-1.0386,0.8479,-0.7889,-0.0418,-1.5378,0.9716,-0.6171,0.775,0.0412,1.4752,0.7805,-0.7542,0.0873,-0.9381,0.0133,-1.4434,2.9664,-0.1013,-0.4724,0.6223,-0.4749,-0.8883,0.2078,-0.4588,-0.4619,-0.0172,-2.4466,-2.059,0.1471,0.1145,-0.5376,-1.5409,-2.2812,0,-0.2921,-0.82,-1.2082,-0.8279,0.9609
-0.7316,0.3211,-0.4742,-1.085,0.2635,0.5104,0.5175,0.3484,-0.1129,-1.002,-0.407,-0.2317,0.321,-0.3282,2.3659,0.4431,-2.1675,-0.27,2.2595,-0.5862,0.027,-0.0636,-0.6757,0.2183,0.0018,-0.0112,-1.698,0.0352,-0.557,0.2531,0.0495,-1.4755,-0.2971,-0.2083,-0.2644,-3.4104,-0.5188,-1.9181,-0.6105,-1.1817,1.2421,-0.2488,-1.6891,-0.5096,-0.3952,-2.4507,-0.2299,0.2376,-0.9754,-0.0645,-0.9908,0.5281,0.8063,-1.7434,-1.6006,1.3415,1.8837,-0.1662,-1.0683,0.4202,0.9384,0.8126,-1.8242,0.3217,-1.434,-1.9106,0.5051,0.2449,0.2583,-2.2424,0.1867,0.4204,0.2092,-2.0339,0.0434,0.0863,1.5947,-0.609,-0.5402,0.3111,0.0505,-0.5501,-1.0869,-1.5405,2.7856,-0.8254,0.2683,-2.5864,-1.5199,-1.2115,-0.8618,0.7814,0.2789,0.9351,-0.1281,-0.0713,-2.319,0.2209,-0.2383,-2.5413,0.2905,-0.4729,-1.5216,-0.839,0.3001,0.698,0,0.4644,-0.2866,-0.5518,0.5523
-1.0202,0.988,1.6041,1.8353,-0.1316,0.0758,0.2163,0.8498,-1.9617,-1.508,-0.6391,1.0945,0.1755,-0.1281,-0.6806,-1.4917,0.1071,-0.2239,0.3864,-1.4917,0.752,0.1415,1.337,-0.5457,0.3793,-0.4104,-2.9776,-0.1889,-0.8903,-0.057,0.2531,0.4042,-0.3942,-1.2712,2.1865,0.9787,-1.3742,-0.5691,0.9165,-1.283,-1.0339,-1.2186,-3.7768,2.451,0.3245,-1.6375,-0.0223,-0.7956,1.401,1.0841,0.5322,-0.6455,0.292,-7.438,-2.4082,0.385,0.8331,1.8665,-0.331,0.13,0.139,-1.5737,-0.5879,-0.8235,1.0474,-1.6599,0.133,1.6983,0.331,-1.4429,2.3011,-0.5578,-0.2582,-2.194,0.3374,1.4545,-0.2701,-0.816,-1.3586,-0.7761,0.3034,-1.2167,-0.7417,0.8945,0.4525,-1.0008,0.2499,-2.6325,-0.506,-0.8676,-0.6467,-0.6661,3.6195,1.3872,-1.827,0.0724,-2.2486,-1.442,1.9673,-1.0512,-1.8361,0.6983,0.2054,0.8607,1.4674,0.6051,-0.2997,0,-0.6354,-2.9157,0.5812
-0.1248,-0.0632,1.2843,-0.1614,0.2499,-1.8575,-0.4254,-0.3233,0.79,0.168,0.3998,-0.984,-0.3665,1.6052,-2.8786,-1.2804,1.6098,1.654,-0.2716,-2.039,-0.3123,-1.5259,-0.5592,0.4089,-0.2233,-1.0166,0.544,0.0915,0.0833,-0.2221,0.5013,-0.691,-1.1225,1.3635,-0.4739,-1.034,0.8081,-0.1859,0.0095,0.1368,1.0113,0.0116,-0.3237,-0.9962,-0.0737,-0.6358,0.0951,0.2274,-1.0142,-0.5151,-0.3643,-0.2842,0.4292,-0.2439,-0.0312,1.426,0.8637,1.347,-1.9009,-1.1315,0.003,-0.8884,-0.3573,-0.2234,-1.2002,0.7832,1.5578,-0.2612,1.0206,-0.7802,-0.6621,-0.2841,-1.3141,1.2803,0.1583,-0.4024,0.5157,-0.3515,-1.2385,0.9765,0.5334,-1.3126,0.8427,0.8453,-0.7501,-1.2152,-0.2402,-1.0822,-0.0119,-0.2622,0.4988,-0.1713,0.1246,0.4718,-0.7629,-1.0491,-0.8965,-0.3102,-1.3811,-0.739,-0.1204,-0.8507,-0.945,0.773,-0.0482,1.2069,0.7426,0.4417,0,-1.8113,-0.1308
0.3181,1.3634,0.2463,5.9149,-0.8864,-0.5579,-0.4339,-0.3786,2.3795,-2.3142,0.509,0.4934,0.7267,1.5733,-1.8801,2.0431,0.0068,-1.4127,-1.5272,0.9152,1.3425,2.0176,-0.1692,-1.0808,-1.6876,-0.1558,-0.3706,-0.4729,-0.678,0.1625,-0.7909,-0.3222,-1.1105,1.2013,-2.2038,-1.0403,5.0516,1.2843,1.2041,0.9351,5.4626,-0.1927,-0.1514,-0.4954,0.0753,0.6488,0.1298,2.5962,0.2944,-1.2618,0.3639,-0.451,1.9414,1.7994,1.0936,1.2306,2.2846,0.6673,-0.9836,-0.9275,2.1178,1.0897,2.3055,2.0284,1.8824,0.7766,7.5838,0.8001,-1.7886,-0.4468,0.1218,-1.2194,0.824,1.3629,2.2948,1.0594,2.0757,-0.4185,0.0016,-1.46,-2.0373,1.0288,2.9307,0.5112,-1.6584,-1.3996,-0.1332,-0.6758,-2.4829,0.0807,1.8552,2.4771,1.0362,-0.7284,-1.2064,1.6199,-0.2403,-1.1285,2.2162,-0.8131,0.0778,-1.7224,-0.2059,0.1448,0.6953,0.536,0.9935,2.1835,1.5747,0,-2.7341
0.8077,1.8079,-0.4816,5.1004,0.1931,-1.3273,-0.4787,0.2642,-0.6112,0.0376,-0.5033,-0.4277,0.2017,0.8715,-0.691,0.6959,-0.0752,0.9162,0.1895,-1.7186,-0.8508,1.0073,0.4787,-0.5839,-0.4475,-0.3045,-0.6522,-0.2819,-0.273,0.2409,1.8739,-0.3363,-0.4472,0.8365,-0.7451,5.8301,1.8477,1.6176,-0.3339,3.2843,-0.3222,-0.1314,1.842,-1.7107,-0.4008,4.4851,0.2113,0.8707,-1.0574,-1.3139,1.3729,-0.9348,0.4747,3.8852,-1.2458,-1.2689,-2.4363,0.2125,-0.3898,0.3903,-0.1981,-0.4142,0.4936,0.1921,-2.3714,1.4371,-1.046,1.9748,-0.442,2.5709,0.069,-0.3622,0.0713,-0.3277,1.585,-2.6062,-0.5884,-1.3299,0.0762,0.7122,0.0856,-1.1709,1.331,0.3325,1.0212,0.5703,1.6875,0.3474,0.795,2.1236,-2.3008,-0.7483,-1.3006,-0.5054,0.0447,0.0344,0.0726,0.6246,0.0675,1.6485,-0.6733,-1.2893,1.2629,2.6678,0.1632,-1.1036,0.1717,-1.2983,-0.0037,2.6422,0
